,% budget recovered,% of gross from domestic,% of gross from international,budget (m),decade,domestic gross (m),international gross (m),title,worldwide gross,worldwide gross (m),x times budget recovered,year
0,702%,46.2%,53.8%,65.0,2000's,211,245,300,"456,082,343",456.0,7.0,2007
1,427%,41.4%,58.6%,90.0,2010's,159,225,1917,"384,576,334",385.0,4.3,2019
2,396%,21.0%,79.0%,200.0,2000's,166,625,2012,"791,217,826",791.0,4.0,2009
3,479%,42.5%,57.5%,67.0,1990's,136,185,101 Dalmatians,"320,689,294",321.0,4.8,1996
4,663%,57.9%,42.1%,50.0,2010's,192,140,22 Jump Street,"331,333,876",331.0,6.6,2014
5,307%,31.6%,68.4%,110.0,2010's,107,231,300: Rise of an Empire,"337,580,051",338.0,3.1,2014
6,546%,53.9%,46.1%,58.0,2000's,171,146,A Beautiful Mind,"316,791,257",317.0,5.5,2001
7,303%,44.8%,55.2%,120.0,1990's,163,200,A Bug's Life,"363,258,859",363.0,3.0,1998
8,163%,42.4%,57.6%,200.0,2000's,138,187,A Christmas Carol,"325,286,646",325.0,1.6,2009
9,2406%,66.6%,33.4%,2.5,2010's,40,201,A Haunted House,"60,141,683",60.0,24.1,2013
10,2006%,55.2%,44.8%,17.0,2010's,188,153,A Quiet Place,"340,952,971",341.0,20.1,2018
11,1212%,49.4%,50.6%,36.0,2010's,215,221,A Star Is Born,"436,233,122",436.0,12.1,2018
12,371%,54.9%,45.1%,85.0,1990's,173,142,Air Force One,"315,156,409",315.0,3.7,1997
13,574%,33.8%,66.2%,183.0,2010's,356,695,Aladdin,"1,050,693,953",1051.0,5.7,2019
14,1800%,43.1%,56.9%,28.0,1990's,217,287,Aladdin,"504,050,219",504.0,18.0,1992
15,513%,32.6%,67.4%,200.0,2010's,334,691,Alice in Wonderland,"1,025,468,216",1025.0,5.1,2010
16,238%,21.2%,78.8%,170.0,2010's,86,319,Alita: Battle Angel,"404,980,543",405.0,2.4,2019
17,591%,49.6%,50.4%,75.0,2000's,220,224,Alvin & the Chipmunks: The Squeakquel,"443,140,005",443.0,5.9,2009
18,522%,59.5%,40.5%,70.0,2000's,217,148,Alvin and the Chipmunks,"365,352,546",365.0,5.2,2007
19,428%,38.8%,61.2%,80.0,2010's,133,210,Alvin and the Chipmunks: Chipwrecked,"342,695,435",343.0,4.3,2011
20,2375%,36.5%,63.5%,15.0,1990's,130,226,American Beauty,"356,296,601",356.0,23.8,1999
21,928%,64.0%,36.0%,59.0,2010's,350,197,American Sniper,"547,459,020",547.0,9.3,2014
22,324%,27.4%,72.6%,150.0,2000's,133,353,Angels & Demons,"485,930,816",486.0,3.2,2009
23,3927%,33.0%,67.0%,6.5,2010's,84,1710,Annabelle,"255,273,813",255.0,39.3,2014
24,2039%,33.4%,66.6%,15.0,2010's,102,2037,Annabelle: Creation,"305,792,201",306.0,20.4,2017
25,399%,34.7%,65.3%,130.0,2010's,180,339,Ant-Man,"519,311,965",519.0,4.0,2015
26,319%,34.8%,65.2%,195.0,2010's,217,406,Ant-Man and the Wasp,"622,674,139",623.0,3.2,2018
27,683%,48.9%,51.1%,52.0,1990's,174,181,Apollo 13,"355,237,933",355.0,6.8,1995
28,718%,29.2%,70.8%,160.0,2010's,335,813,Aquaman,"1,148,528,393",1149.0,7.2,2018
29,396%,36.4%,63.6%,140.0,1990's,202,352,Armageddon,"553,709,788",554.0,4.0,1998
30,628%,47.3%,52.7%,50.0,1990's,148,166,As Good as It Gets,"314,178,011",314.0,6.3,1997
31,569%,47.5%,52.5%,115.0,2000's,311,343,Attack of the Clones,"653,779,970",654.0,5.7,2002
32,946%,66.0%,34.0%,33.0,1990's,206,106,Austin Powers: The Spy Who Shagged Me,"312,016,928",312.0,9.5,1999
33,1233%,26.9%,73.1%,237.0,2000's,785,2138,Avatar,"2,922,917,914",2923.0,12.3,2009
34,772%,31.1%,68.9%,250.0,2020's,576,1353,Avatar 2*,"1,478,051,935",1930.0,7.7,2022
35,561%,32.7%,67.3%,250.0,2010's,459,944,Avengers: Age of Ultron,"1,402,809,540",1403.0,5.6,2015
36,786%,30.7%,69.3%,356.0,2010's,858,1939,Avengers: Endgame,"2,797,501,328",2798.0,7.9,2019
37,638%,33.1%,66.9%,321.0,2010's,679,1370,Avengers: Infinity War,"2,048,359,754",2048.0,6.4,2018
38,2018%,55.5%,44.5%,19.0,1980's,213,171,Back to the Future,"383,336,762",383.0,20.2,1985
39,831%,35.8%,64.2%,40.0,1980's,119,214,Back to the Future II,"332,500,002",333.0,8.3,1989
40,474%,48.4%,51.6%,90.0,2020's,206,220,Bad Boys for Life,"426,505,244",427.0,4.7,2020
41,1012%,67.2%,32.8%,15.0,2010's,102,498,Bad Grandpa,"151,831,537",152.0,10.1,2013
42,720%,33.4%,66.6%,49.0,1990's,118,235,Basic Instinct,"352,927,224",353.0,7.2,1992
43,857%,61.1%,38.9%,48.0,1980's,251,160,Batman,"411,569,241",412.0,8.6,1989
44,249%,55.4%,44.6%,150.0,2000's,207,167,Batman Begins,"373,672,993",374.0,2.5,2005
45,337%,54.7%,45.3%,100.0,1990's,184,152,Batman Forever,"336,567,158",337.0,3.4,1995
46,349%,37.8%,62.2%,250.0,2010's,330,543,Batman v Superman,"873,637,528",874.0,3.5,2016
47,816%,38.6%,61.4%,160.0,2010's,504,801,Beauty and the Beast,"1,305,611,599",1306.0,8.2,2017
48,1700%,51.5%,48.5%,25.0,1990's,219,206,Beauty and the Beast,"424,967,620",425.0,17.0,1991
49,2434%,74.2%,25.8%,13.0,1980's,235,82,Beverly Hills Cop,"316,360,478",316.0,24.3,1984
50,399%,33.8%,66.2%,165.0,2010's,223,435,Big Hero 6,"657,869,686",658.0,4.0,2014
51,169%,43.1%,56.9%,230.0,2020's,163,215,Black Adam,"377,736,860",389.0,1.7,2022
52,674%,50.7%,49.3%,205.0,2010's,700,682,Black Panther,"1,382,248,826",1382.0,6.7,2018
53,270%,54.4%,45.6%,250.0,2020's,367,309,Black Panther: Wakanda Forever,"676,036,389",676.0,2.7,2022
54,2534%,32.5%,67.5%,13.0,2010's,107,222,Black Swan,"329,398,046",329.0,25.3,2010
55,190%,48.4%,51.6%,200.0,2020's,184,196,Black Widow,"379,751,655",380.0,1.9,2021
56,165333%,56.4%,43.6%,0.15,1990's,140,108,Blair Witch Project,"248,000,000",248.0,1653.3,1999
57,1752%,23.8%,76.2%,52.0,2010's,217,694,Bohemian Rhapsody,"910,809,311",911.0,17.5,2018
58,207%,36.8%,63.2%,150.0,2000's,114,196,Bolt,"309,979,994",310.0,2.1,2008
59,1112%,57.0%,43.0%,4.0,2010's,25,191,Boyhood,"44,495,281",44.0,11.1,2014
60,291%,44.0%,56.0%,185.0,2010's,237,302,Brave,"538,983,207",539.0,2.9,2012
61,561%,39.5%,60.5%,127.0,2010's,281,431,Breaking Dawn - Part 1,"712,205,856",712.0,5.6,2011
62,624%,34.4%,65.6%,136.0,2010's,292,557,Breaking Dawn - Part 2,"848,853,382",849.0,6.2,2012
63,598%,50.1%,49.9%,81.0,2000's,243,242,Bruce Almighty,"484,592,874",485.0,6.0,2003
64,347%,27.2%,72.8%,135.0,2010's,127,341,Bumblebee,"467,989,645",468.0,3.5,2018
65,1191%,43.4%,56.6%,3.5,2010's,18,236,Call Me By Your Name,"41,698,818",42.0,11.9,2018
66,461%,35.4%,64.6%,250.0,2010's,408,745,Captain America: Civil War,"1,153,337,496",1153.0,4.6,2016
67,265%,47.7%,52.3%,140.0,2010's,177,194,Captain America: The First Avenger,"370,569,774",371.0,2.6,2011
68,420%,36.4%,63.6%,170.0,2010's,260,455,Captain America: The Winter Soldier,"714,421,503",714.0,4.2,2014
69,742%,37.8%,62.2%,152.0,2010's,427,702,Captain Marvel,"1,128,462,972",1128.0,7.4,2019
70,385%,52.8%,47.2%,120.0,2000's,244,218,Cars,"461,991,867",462.0,3.8,2006
71,280%,34.2%,65.8%,200.0,2010's,191,368,Cars 2,"559,852,396",560.0,2.8,2011
72,219%,39.8%,60.2%,175.0,2010's,153,231,Cars 3,"383,930,656",384.0,2.2,2017
73,411%,27.2%,72.8%,150.0,2000's,167,449,Casino Royale,"616,502,912",617.0,4.1,2006
74,477%,54.4%,45.6%,90.0,2000's,234,196,Cast Away,"429,632,142",430.0,4.8,2000
75,677%,46.8%,53.2%,52.0,2000's,165,187,Catch Me If You Can,"352,114,312",352.0,6.8,2002
76,317%,43.5%,56.5%,150.0,2000's,206,269,Charlie and the Chocolate Factory,"474,968,763",475.0,3.2,2005
77,3716%,48.8%,51.2%,1.0,2010's,18,190,Chernobyl Diaries,"37,157,648",37.0,37.2,2012
78,210%,43.1%,56.9%,150.0,2000's,135,179,Chicken Little,"314,432,837",314.0,2.1,2005
79,1055%,51.0%,49.0%,12.0,2010's,64,621,Chronicle,"126,636,097",127.0,10.6,2012
80,571%,37.1%,62.9%,95.0,2010's,201,341,Cinderella,"542,358,331",542.0,5.7,2015
81,395%,33.1%,66.9%,125.0,2010's,163,330,Clash of the Titans,"493,214,993",493.0,3.9,2010
82,359%,26.0%,74.0%,225.0,2010's,210,597,Coco,"807,817,888",808.0,3.6,2017
83,3282%,53.3%,46.7%,10.0,1980's,175,153,Crocodile Dundee,"328,203,506",328.0,32.8,1986
84,1104%,49.5%,50.5%,5.0,2010's,27,279,Dallas Buyers Club,"55,198,285",55.0,11.0,2013
85,1928%,43.4%,56.6%,22.0,1990's,184,240,Dances with Wolves,"424,208,848",424.0,19.3,1990
86,418%,29.4%,70.6%,170.0,2010's,209,502,Dawn of the Planet of the Apes,"710,644,566",711.0,4.2,2014
87,1350%,46.4%,53.6%,58.0,2010's,363,420,Deadpool,"782,836,791",783.0,13.5,2016
88,714%,41.3%,58.7%,110.0,2010's,325,461,Deadpool 2,"785,896,609",786.0,7.1,2018
89,437%,40.2%,59.8%,80.0,1990's,140,209,Deep Impact,"349,464,664",349.0,4.4,1998
90,787%,46.3%,53.7%,69.0,2010's,252,292,Despicable Me,"543,157,985",543.0,7.9,2010
91,1245%,37.9%,62.1%,78.0,2010's,368,603,Despicable Me 2,"970,766,005",971.0,12.4,2013
92,1294%,25.6%,74.4%,80.0,2010's,265,770,Despicable Me 3,"1,034,800,131",1035.0,12.9,2017
93,304%,37.3%,62.7%,142.0,2000's,161,271,Die Another Day,"431,971,116",432.0,3.0,2002
94,407%,27.3%,72.7%,90.0,1990's,100,266,Die Hard with a Vengeance,"366,101,666",366.0,4.1,1995
95,280%,39.4%,60.6%,125.0,2000's,138,212,Dinosaur,"349,822,765",350.0,2.8,2000
96,426%,38.2%,61.8%,100.0,2010's,163,263,Django Unchained,"426,074,373",426.0,4.3,2012
97,1015%,80.4%,19.6%,3.0,2010's,24,60,Don Jon,"30,450,756",30.0,10.2,2013
98,1542%,58.3%,41.7%,9.9,2010's,89,636,Don’t Breathe,"152,697,239",153.0,15.4,2016
99,2569%,97.3%,2.7%,0.7,2010's,17,5,Dope,"17,986,470",18.0,25.7,2015
100,1094%,52.0%,48.0%,17.0,2010's,96,892,Downton Abbey,"185,922,715",185.9,10.9,2019
101,411%,34.3%,65.7%,165.0,2010's,233,445,Dr Strange,"677,796,076",678.0,4.1,2016
102,478%,43.0%,57.0%,200.0,2020's,411,544,Dr Strange: Multiverse of Madness,"955,775,804",956.0,4.8,2022
103,1219%,29.6%,70.4%,8.5,2010's,30,729,Dragon Ball Super: Broly,"103,627,891",103.6,12.2,2019
104,208%,32.5%,67.5%,170.0,2010's,115,239,Dumbo,"353,284,621",353.0,2.1,2019
105,244%,27.0%,73.0%,165.0,2020's,108,294,Dune,"401,847,900",402.0,2.4,2021
106,527%,36.0%,64.0%,100.0,2010's,190,337,Dunkirk,"527,016,307",527.0,5.3,2017
107,7552%,55.1%,44.9%,10.5,1980's,437,356,E.T.,"792,910,554",793.0,75.5,1982
108,208%,27.0%,73.0%,178.0,2010's,100,270,Edge of Tomorrow,"370,541,256",371.0,2.1,2014
109,1737%,54.4%,45.6%,31.0,1980's,293,246,Empire Strikes Back,"538,375,067",538.0,17.4,1980
110,401%,37.5%,62.5%,85.0,2000's,128,213,Enchanted,"340,487,836",340.0,4.0,2007
111,1705%,37.1%,62.9%,9.0,2010's,56,965,Escape Room,"153,411,208",153.4,17.0,2019
112,201%,41.0%,59.0%,200.0,2020's,165,237,Eternals,"402,064,899",402.0,2.0,2021
113,363%,23.8%,76.2%,200.0,2020's,173,553,F9: The Fast Saga,"726,229,501",726.0,3.6,2021
114,407%,28.8%,71.2%,200.0,2010's,234,580,Fantastic Beasts and Where to Find Them,"814,044,001",814.0,4.1,2016
115,327%,24.4%,75.6%,200.0,2010's,160,495,Fantastic Beasts: The Crimes of Grindelwald,"654,855,901",655.0,3.3,2018
116,203%,23.7%,76.3%,200.0,2020's,96,309,Fantastic Beasts: The Secrets of Dumbledore,"405,161,334",405.0,2.0,2022
117,278%,46.4%,53.6%,120.0,2000's,155,179,Fantastic Four,"333,535,934",334.0,2.8,2005
118,424%,43.0%,57.0%,85.0,2000's,155,205,Fast & Furious,"360,366,870",360.0,4.2,2009
119,493%,30.3%,69.7%,160.0,2010's,239,550,Fast & Furious 6,"788,680,968",789.0,4.9,2013
120,501%,33.5%,66.5%,125.0,2010's,210,416,Fast Five,"626,137,675",626.0,5.0,2011
121,2287%,48.9%,51.1%,14.0,1980's,157,164,Fatal Attraction,"320,145,693",320.0,22.9,1987
122,694%,30.0%,70.0%,55.0,2010's,115,267,Fifty Shades Darker,"381,545,846",382.0,6.9,2017
123,676%,27.0%,73.0%,55.0,2010's,100,272,Fifty Shades Freed,"371,985,018",372.0,6.8,2018
124,1424%,29.2%,70.8%,40.0,2010's,166,403,Fifty Shades of Grey,"569,651,467",570.0,14.2,2015
125,514%,47.3%,52.7%,200.0,2010's,486,542,Finding Dory,"1,028,570,942",1029.0,5.1,2016
126,1000%,40.5%,59.5%,94.0,2000's,381,560,Finding Nemo,"940,352,645",940.0,10.0,2003
127,6696%,99.9%,0.1%,0.5,2000's,33,0,Fireproof,"33,480,000",33.0,67.0,2008
128,1233%,48.7%,51.3%,55.0,1990's,330,348,Forrest Gump,"678,226,465",678.0,12.3,1994
129,265%,36.7%,63.3%,125.0,2020's,122,210,Free Guy,"331,526,598",332.0,2.7,2021
130,870%,30.7%,69.3%,150.0,2010's,401,904,Frozen,"1,304,550,716",1305.0,8.7,2013
131,967%,32.9%,67.1%,150.0,2010's,477,973,Frozen II,"1,450,026,933",1450.0,9.7,2019
132,798%,23.3%,76.7%,190.0,2010's,353,1162,Furious 7,"1,515,341,399",1515.0,8.0,2015
133,289%,32.6%,67.4%,130.0,2010's,123,253,G.I. Joe: Retaliation,"375,740,705",376.0,2.9,2013
134,5652%,69.0%,31.0%,4.5,2010's,175,788,Get Out,"254,329,516",254.0,56.5,2017
135,2199%,43.0%,57.0%,23.0,1990's,218,288,Ghost,"505,703,557",506.0,22.0,1990
136,452%,40.3%,59.7%,103.0,2000's,188,278,Gladiator,"465,380,802",465.0,4.5,2000
137,1235%,45.0%,55.0%,20.0,2010's,111,1359,Glass,"246,908,596",246.9,12.3,2019
138,3132%,97.0%,3.0%,2.0,2010's,60,19,God's Not Dead,"62,630,732",63.0,31.3,2014
139,328%,38.2%,61.8%,160.0,2010's,201,324,Godzilla,"524,976,069",525.0,3.3,2014
140,253%,36.0%,64.0%,150.0,1990's,136,243,Godzilla,"379,014,294",379.0,2.5,1998
141,235%,21.5%,78.5%,200.0,2020's,101,369,Godzilla vs. Kong,"470,067,014",470.0,2.4,2021
142,227%,28.6%,71.4%,170.0,2010's,111,276,Godzilla: King of the Monsters,"386,600,138",387.0,2.3,2019
143,587%,30.2%,69.8%,60.0,1990's,106,246,GoldenEye,"352,194,034",352.0,5.9,1995
144,605%,45.4%,54.6%,61.0,2010's,168,202,Gone Girl,"369,330,363",369.0,6.1,2014
145,1140%,98.5%,1.5%,0.6,2010's,6,1,Grandma,"6,841,296",7.0,11.4,2015
146,723%,37.9%,62.1%,100.0,2010's,274,449,Gravity,"723,192,705",723.0,7.2,2013
147,6605%,48.0%,52.0%,6.0,1970's,190,206,Grease,"396,271,103",396.0,66.0,1978
148,1399%,26.4%,73.6%,23.0,2010's,85,237,Green Book,"321,752,656",322.0,14.0,2018
149,455%,43.2%,56.8%,170.0,2010's,334,440,Guardians of the Galaxy,"773,350,147",773.0,4.5,2014
150,432%,45.1%,54.9%,200.0,2010's,390,474,Guardians of the Galaxy Vol. 2,"863,756,051",864.0,4.3,2017
151,2537%,62.8%,37.2%,10.0,2010's,159,943,Halloween ,"253,679,925",254.0,25.4,2018
152,420%,36.2%,63.8%,150.0,2000's,228,401,Hancock,"629,443,428",629.0,4.2,2008
153,404%,46.9%,53.1%,87.0,2000's,165,187,Hannibal,"351,692,268",352.0,4.0,2001
154,2341%,49.5%,50.5%,4.8,2010's,55,567,Happy Death Day,"112,381,005",112.0,23.4,2017
155,384%,51.5%,48.5%,100.0,2000's,198,186,Happy Feet,"384,336,108",384.0,3.8,2006
156,598%,32.4%,67.6%,150.0,2000's,290,606,Harry Potter & the Goblet of Fire,"896,815,106",897.0,6.0,2005
157,628%,31.0%,69.0%,150.0,2000's,292,650,Harry Potter & the Order of the Phoenix,"942,218,425",942.0,6.3,2007
158,614%,31.4%,68.6%,130.0,2000's,250,548,Harry Potter & the Prisoner of Azkaban,"797,660,766",798.0,6.1,2004
159,819%,31.2%,68.8%,125.0,2000's,319,705,Harry Potter & the Sorcerer's Stone,"1,023,842,938",1024.0,8.2,2001
160,903%,29.1%,70.9%,100.0,2000's,263,640,Harry Potter and the Chamber of Secrets,"902,746,596",903.0,9.0,2002
161,782%,30.3%,69.7%,125.0,2010's,296,681,Harry Potter and the Deathly Hallows: Part 1,"977,070,383",977.0,7.8,2010
162,1074%,28.4%,71.6%,125.0,2010's,381,961,Harry Potter and the Deathly Hallows: Part 2,"1,342,359,942",1342.0,10.7,2011
163,374%,32.4%,67.6%,250.0,2000's,302,632,Harry Potter and the Half-Blood Prince,"934,483,039",934.0,3.7,2009
164,2896%,99.3%,0.7%,1.0,2010's,28,2,"Hello, My Name is Doris","28,962,889",29.0,29.0,2016
165,2299%,35.8%,64.2%,11.0,2000's,90,1624,High School Musical 3,"252,910,000",253.0,23.0,2008
166,531%,48.3%,51.7%,70.0,2000's,179,192,Hitch,"371,594,210",372.0,5.3,2005
167,380%,22.9%,77.1%,200.0,2010's,174,587,Hobbs & Shaw,"760,732,926",761.0,3.8,2019
168,286%,46.0%,54.0%,135.0,2010's,177,209,Home,"386,041,607",386.0,2.9,2015
169,2648%,60.0%,40.0%,18.0,1990's,286,191,Home Alone,"476,684,675",477.0,26.5,1990
170,1282%,48.4%,51.6%,28.0,1990's,174,185,Home Alone 2,"358,994,850",359.0,12.8,1992
171,422%,41.4%,58.6%,85.0,2010's,148,210,Hotel Transylvania,"358,375,603",358.0,4.2,2012
172,594%,35.7%,64.3%,80.0,2010's,170,305,Hotel Transylvania 2,"475,186,706",475.0,5.9,2015
173,661%,31.7%,68.3%,80.0,2010's,168,361,Hotel Transylvania 3: Summer Vacation,"528,583,774",529.0,6.6,2018
174,281%,75.4%,24.6%,123.0,2000's,261,85,How the Grinch Stole Christmas,"345,823,032",346.0,2.8,2000
175,300%,44.0%,56.0%,165.0,2010's,218,277,How to Train Your Dragon,"494,879,471",495.0,3.0,2010
176,429%,28.5%,71.5%,145.0,2010's,177,445,How to Train Your Dragon 2,"621,537,519",622.0,4.3,2014
177,407%,30.7%,69.3%,129.0,2010's,161,364,How to Train Your Dragon: The Hidden World,"524,580,592",525.0,4.1,2019
178,390%,43.8%,56.2%,150.0,2000's,256,329,I Am Legend,"585,410,052",585.0,3.9,2007
179,1193%,100.0%,0.0%,7.0,2010's,83,0,I Can Only Imagine,"83,482,352",83.0,11.9,2018
180,294%,41.0%,59.0%,120.0,2000's,145,208,"I, Robot","353,133,898",353.0,2.9,2004
181,639%,46.0%,54.0%,60.0,2000's,176,207,Ice Age,"383,257,136",383.0,6.4,2002
182,389%,15.7%,84.3%,105.0,2010's,64,345,Ice Age: Collision Course,"408,754,975",409.0,3.9,2016
183,923%,18.4%,81.6%,95.0,2010's,161,716,Ice Age: Continental Drift,"877,244,782",877.0,9.2,2012
184,985%,22.2%,77.8%,90.0,2000's,197,690,Ice Age: Dawn of the Dinosaurs,"886,686,817",887.0,9.9,2009
185,834%,29.3%,70.7%,80.0,2000's,195,472,Ice Age: The Meltdown,"667,094,506",667.0,8.3,2006
186,523%,35.0%,65.0%,160.0,2010's,293,544,Inception,"836,848,102",837.0,5.2,2010
187,622%,49.0%,51.0%,200.0,2010's,609,635,Incredibles 2,"1,243,089,244",1243.0,6.2,2018
188,1090%,37.5%,62.5%,75.0,1990's,306,511,Independence Day,"817,400,891",817.0,10.9,1996
189,236%,26.5%,73.5%,165.0,2010's,103,287,Independence Day: Resurgence,"389,681,935",390.0,2.4,2016
190,988%,41.6%,58.4%,48.0,1980's,197,277,Indiana Jones & the Last Crusade,"474,171,806",474.0,9.9,1989
191,427%,40.1%,59.9%,185.0,2000's,317,474,Indiana Jones and the Kingdom of the Crystal Skull,"790,653,942",791.0,4.3,2008
192,1190%,54.0%,46.0%,28.0,1980's,180,153,Indiana Jones and the Temple of Doom,"333,107,271",333.0,11.9,1984
193,459%,37.5%,62.5%,70.0,2000's,121,201,Inglourious Basterds,"321,457,747",321.0,4.6,2009
194,491%,41.6%,58.4%,175.0,2010's,357,502,Inside Out,"858,848,019",859.0,4.9,2015
195,4485%,80.3%,19.7%,1.5,2010's,54,133,Insidious,"67,280,000",67.0,44.9,2011
196,1095%,47.7%,52.3%,10.0,2010's,52,573,Insidious: Chpt 3,"109,518,558",110.0,11.0,2015
197,1677%,40.2%,59.8%,10.0,2010's,67,1004,Insidious: The Last Key,"167,700,948",168.0,16.8,2018
198,3238%,51.6%,48.4%,5.0,2010's,83,783,Insidious Chpt 2,"161,919,318",162.0,32.4,2013
199,1801%,44.9%,55.1%,5.5,2010's,44,546,Instructions Not Included,"99,067,206",99.0,18.0,2013
200,469%,24.3%,75.7%,165.0,2010's,188,586,Interstellar,"773,897,851",774.0,4.7,2014
201,418%,54.5%,45.5%,140.0,2000's,319,267,Iron Man,"585,796,247",586.0,4.2,2008
202,312%,50.1%,49.9%,200.0,2010's,312,312,Iron Man 2,"623,933,331",624.0,3.1,2010
203,607%,33.7%,66.3%,200.0,2010's,409,806,Iron Man 3,"1,214,811,252",1215.0,6.1,2013
204,1755%,46.9%,53.1%,40.0,2010's,329,373,It,"701,842,551",702.0,17.5,2017
205,599%,44.7%,55.3%,79.0,2010's,212,262,It Chapter Two,"473,122,525",473.0,6.0,2019
206,346%,39.1%,60.9%,120.0,2010's,162,253,Jason Bourne,"415,484,914",415.0,3.5,2016
207,5295%,55.8%,44.2%,9.0,1970's,266,211,Jaws,"476,512,065",477.0,52.9,1975
208,1010%,37.5%,62.5%,10.0,2010's,37,631,Jigsaw,"101,020,014",101.0,10.1,2017
209,438%,52.1%,47.9%,75.0,2010's,171,157,John Wick: Chapter 3 - Parabellum,"328,349,387",328.0,4.4,2019
210,1578%,30.4%,69.6%,70.0,2010's,335,769,Joker,"1,104,943,613",1105.0,15.8,2019
211,419%,31.0%,69.0%,80.0,2010's,104,231,Journey 2: The Mysterious Island,"335,287,748",335.0,4.2,2012
212,607%,40.0%,60.0%,132.0,2010's,320,481,Jumanji: The Next Level,"801,693,929",802.0,6.1,2019
213,1069%,42.0%,58.0%,90.0,2010's,405,558,Jumanji: Welcome to the Jungle,"962,542,945",963.0,10.7,2017
214,3082%,62.1%,37.9%,7.5,2000's,143,877,Juno,"231,184,173",231.0,30.8,2007
215,1762%,36.4%,63.6%,63.0,1990's,404,706,Jurassic Park,"1,109,802,321",1110.0,17.6,1993
216,397%,49.1%,50.9%,93.0,2000's,181,188,Jurassic Park III,"368,780,809",369.0,4.0,2001
217,1114%,39.1%,60.9%,150.0,2010's,653,1018,Jurassic World,"1,671,537,444",1672.0,11.1,2015
218,541%,37.6%,62.4%,185.0,2020's,376,625,Jurassic World: Dominion,"1,001,136,080",1001.0,5.4,2022
219,701%,31.9%,68.1%,187.0,2010's,418,893,Jurassic World: Fallen Kingdom,"1,310,466,296",1310.0,7.0,2018
220,219%,34.8%,65.2%,300.0,2010's,229,429,Justice League,"657,926,987",658.0,2.2,2017
221,269%,39.2%,60.8%,207.0,2000's,218,339,King Kong,"556,906,378",557.0,2.7,2005
222,395%,24.4%,75.6%,104.0,2010's,100,311,Kingsman: The Golden Circle,"410,902,662",411.0,4.0,2017
223,441%,31.0%,69.0%,94.0,2010's,128,286,Kingsman: The Secret Service,"414,351,546",414.0,4.4,2015
224,782%,52.8%,47.2%,40.0,2010's,165,148,Knives Out,"312,897,920",313.0,7.8,2019
225,306%,29.7%,70.3%,185.0,2010's,168,399,Kong: Skull Island,"566,652,812",567.0,3.1,2017
226,486%,34.1%,65.9%,130.0,2000's,216,416,Kung Fu Panda,"632,083,197",632.0,4.9,2008
227,444%,24.8%,75.2%,150.0,2010's,165,500,Kung Fu Panda 2,"665,692,281",666.0,4.4,2011
228,359%,27.5%,72.5%,145.0,2010's,144,378,Kung Fu Panda 3,"521,170,825",521.0,3.6,2016
229,1571%,32.1%,67.9%,30.0,2010's,151,320,La La Land,"471,226,899",471.0,15.7,2016
230,725%,33.6%,66.4%,61.0,2010's,149,293,Les Misérables,"442,299,309",442.0,7.3,2012
231,919%,45.0%,55.0%,35.0,1990's,145,177,Lethal Weapon 3,"321,731,527",322.0,9.2,1992
232,508%,20.5%,79.5%,120.0,2010's,125,484,Life of Pi,"609,016,565",609.0,5.1,2012
233,3036%,45.2%,54.8%,4.9,2010's,67,815,Lights Out,"148,768,835",149.0,30.4,2016
234,1242%,4.8%,95.0%,12.0,2010's,7,1416,Lion,"148,768,835",149.0,12.4,2016
235,311%,47.8%,52.2%,100.0,2010's,148,162,Little Fockers,"310,650,585",311.0,3.1,2010
236,353%,34.7%,65.3%,110.0,2000's,135,254,Live Free or Die Hard,"388,156,011",388.0,3.5,2007
237,516%,36.5%,63.5%,120.0,2010's,226,393,Logan,"619,179,950",619.0,5.2,2017
238,966%,35.2%,64.8%,93.0,2000's,316,582,LOTR: The Fellowship of the Ring,"898,182,036",898.0,9.7,2001
239,1220%,33.0%,67.0%,94.0,2000's,378,768,LOTR: The Return of the King,"1,146,436,214",1146.0,12.2,2003
240,1008%,36.2%,63.8%,94.0,2000's,343,605,LOTR: Two Towers,"947,939,315",948.0,10.1,2002
241,1203%,27.0%,73.0%,39.0,2010's,127,342,Lucy,"469,058,574",469.0,12.0,2014
242,211%,39.6%,60.4%,185.0,2010's,154,235,Mad Max: Fury Road,"389,561,515",390.0,2.1,2015
243,723%,35.7%,64.3%,75.0,2000's,194,348,Madagascar,"542,063,846",542.0,7.2,2005
244,515%,29.0%,71.0%,145.0,2010's,216,531,Madagascar 3: Europe's Most Wanted,"746,921,274",747.0,5.2,2012
245,403%,29.8%,70.2%,150.0,2000's,180,424,Madagascar: Escape 2 Africa,"603,900,354",604.0,4.0,2008
246,2389%,68.0%,32.0%,7.0,2010's,113,535,Magic Mike,"167,221,571",167.0,23.9,2012
247,421%,31.8%,68.2%,180.0,2010's,241,517,Maleficent,"758,411,779",758.0,4.2,2014
248,266%,23.2%,76.8%,185.0,2010's,114,378,Maleficent: Mistress of Evil,"491,730,089",492.0,2.7,2019
249,1175%,23.6%,76.4%,52.0,2000's,144,467,Mamma Mia!,"611,257,819",611.0,11.8,2008
250,536%,30.0%,70.0%,75.0,2010's,121,282,Mamma Mia! Here We Go Again,"402,264,843",402.0,5.4,2018
251,297%,43.6%,56.4%,225.0,2010's,291,377,Man of Steel,"668,045,518",668.0,3.0,2013
252,269%,49.2%,50.8%,130.0,2010's,172,178,Mary Poppins Returns,"349,546,142",350.0,2.7,2018
253,512%,26.2%,73.8%,61.0,2010's,82,231,Maze Runner: The Scorch Trials,"312,296,056",312.0,5.1,2015
254,1039%,27.1%,72.9%,20.0,2010's,56,1516,Me Before You,"207,845,075",208.0,10.4,2016
255,653%,53.4%,46.6%,80.0,2000's,279,243,Meet the Fockers,"522,657,936",523.0,6.5,2004
256,601%,50.3%,49.7%,55.0,2000's,166,164,Meet the Parents,"330,444,045",330.0,6.0,2000
257,248%,46.1%,53.9%,130.0,2010's,148,173,Megamind,"321,885,765",322.0,2.5,2010
258,655%,42.5%,57.5%,90.0,1990's,251,339,Men in Black,"589,390,539",589.0,6.5,1997
259,291%,27.4%,72.6%,225.0,2010's,179,475,Men in Black 3,"654,213,485",654.0,2.9,2012
260,318%,43.5%,56.5%,140.0,2000's,194,251,Men in Black II,"445,135,288",445.0,3.2,2002
261,1567%,29.0%,71.0%,74.0,2010's,336,823,Minions,"1,159,444,662",1159.0,15.7,2015
262,1174%,39.3%,60.7%,80.0,2020's,370,570,Minions: The Rise of Gru,"939,220,210",939.0,11.7,2022
263,351%,36.8%,63.2%,102.0,2000's,132,226,Minority Report,"358,372,926",358.0,3.5,2002
264,572%,39.5%,60.5%,80.0,1990's,181,277,Mission: Impossible,"457,696,391",458.0,5.7,1996
265,445%,27.8%,72.2%,178.0,2010's,220,571,Mission: Impossible - Fallout,"791,657,398",792.0,4.4,2018
266,479%,30.1%,69.9%,145.0,2010's,209,485,Mission: Impossible - Ghost Protocol,"694,713,380",695.0,4.8,2011
267,455%,28.6%,71.4%,150.0,2010's,195,488,Mission: Impossible - Rogue Nation,"682,716,636",683.0,4.6,2015
268,437%,39.4%,60.6%,125.0,2000's,215,331,Mission: Impossible II,"546,388,108",546.0,4.4,2000
269,266%,33.6%,66.4%,150.0,2000's,134,264,Mission: Impossible III,"398,479,497",398.0,2.7,2006
270,377%,37.7%,62.3%,175.0,2010's,249,412,Moana,"660,349,731",660.0,3.8,2016
271,604%,44.6%,55.4%,125.0,2010's,337,418,Mockingjay - Part 1,"755,356,711",755.0,6.0,2014
272,408%,43.1%,56.9%,160.0,2010's,282,372,Mockingjay - Part 2,"653,428,261",653.0,4.1,2015
273,372%,36.1%,63.9%,200.0,2010's,268,475,Monsters University,"743,559,645",744.0,3.7,2013
274,224%,52.0%,48.0%,170.0,2000's,198,183,Monsters vs. Aliens,"381,509,870",382.0,2.2,2009
275,504%,50.1%,49.9%,115.0,2000's,291,289,"Monsters, Inc.","579,707,738",580.0,5.0,2001
276,443%,38.2%,61.8%,110.0,2000's,186,301,Mr. & Mrs. Smith,"487,287,646",487.0,4.4,2005
277,1765%,49.7%,50.3%,25.0,1990's,219,222,Mrs. Doubtfire,"441,286,195",441.0,17.7,1993
278,641%,29.2%,70.8%,55.0,2010's,103,250,Murder on the Orient Express,"352,794,081",353.0,6.4,2017
279,7375%,65.5%,34.5%,5.0,2000's,241,127,My Big Fat Greek Wedding,"368,744,044",369.0,73.7,2002
280,348%,49.8%,50.2%,100.0,2000's,173,175,National Treasure,"347,512,318",348.0,3.5,2004
281,353%,47.9%,52.1%,130.0,2000's,220,239,National Treasure: Book of Secrets,"459,242,249",459.0,3.5,2007
282,1490%,56.0%,44.0%,18.0,2010's,150,1180,Neighbors,"268,157,400",268.0,14.9,2014
283,522%,43.7%,56.3%,110.0,2000's,251,324,Night at the Museum,"574,481,229",574.0,5.2,2006
284,275%,42.9%,57.1%,150.0,2000's,177,236,Night at the Museum: Battle of the Smithsonian,"413,106,170",413.0,2.8,2009
285,286%,31.3%,68.7%,127.0,2010's,114,249,Night at the Museum: Secret of the Tomb,"363,204,635",363.0,2.9,2014
286,12074%,50.1%,49.9%,0.45,2010's,27,271,No Escape,"54,333,371",54.0,120.7,2015
287,310%,20.8%,79.2%,250.0,2020's,161,613,No Time to Die,"774,153,007",774.0,3.1,2021
288,287%,28.2%,71.8%,125.0,2010's,101,258,Noah,"359,200,044",359.0,2.9,2014
289,866%,31.9%,68.1%,42.0,1990's,116,248,Notting Hill,"363,889,678",364.0,8.7,1999
290,469%,33.5%,66.5%,75.0,2010's,118,234,Now You See Me,"351,723,989",352.0,4.7,2013
291,279%,19.4%,80.6%,120.0,2010's,65,270,Now You See Me 2,"334,897,606",335.0,2.8,2016
292,530%,40.7%,59.3%,85.0,2000's,183,267,Ocean's Eleven,"450,717,150",451.0,5.3,2001
293,366%,37.6%,62.4%,85.0,2000's,117,194,Ocean's Thirteen,"311,312,624",311.0,3.7,2007
294,330%,34.6%,65.4%,110.0,2000's,126,237,Ocean's Twelve,"362,744,280",363.0,3.3,2004
295,393%,37.7%,62.3%,96.0,2010's,143,235,Once Upon a Time in Hollywood,"377,617,598",378.0,3.9,2019
296,2051%,49.6%,50.4%,5.0,2010's,50,517,Ouija,"102,529,779",103.0,20.5,2014
297,425%,45.6%,54.4%,80.0,2000's,155,185,Over the Hedge,"339,795,890",340.0,4.2,2006
298,247%,47.6%,52.4%,200.0,2010's,235,258,Oz the Great and Powerful,"493,311,825",493.0,2.5,2013
299,206%,24.8%,75.2%,200.0,2010's,102,309,Pacific Rim,"411,002,906",411.0,2.1,2013
300,1293333%,55.6%,44.0%,0.015,2000's,107,854,Paranormal Activity ,"193,360,000",194.0,12933.3,2009
301,5900%,47.9%,52.4%,3.0,2010's,84,928,Paranormal Activity 2,"177,510,000",177.0,59.0,2010
302,4140%,50.3%,25.4%,5.0,2010's,104,526,Paranormal Activity 3,"156,600,000",207.0,41.4,2011
303,2857%,38.0%,62.6%,5.0,2010's,53,889,Paranormal Activity 4,"142,838,957",142.0,28.6,2012
304,1818%,35.7%,64.3%,5.0,2010's,32,584,Paranormal Activity: The Marked Ones,"90,904,854",91.0,18.2,2014
305,1066%,15.6%,84.4%,11.0,2010's,18,990,Parasite,"117,305,012",117.3,10.7,2019
306,321%,44.2%,55.8%,140.0,2000's,199,251,Pearl Harbor,"449,220,945",449.0,3.2,2001
307,283%,22.4%,77.6%,132.0,2010's,84,290,Penguins of Madagascar,"373,515,621",374.0,2.8,2014
308,703%,32.8%,67.2%,50.0,2010's,115,236,Peter Rabbit,"351,496,066",351.0,7.0,2018
309,320%,32.2%,67.8%,300.0,2000's,309,652,Pirates of the Caribbean: At World's End,"960,996,492",961.0,3.2,2007
310,474%,39.7%,60.3%,225.0,2000's,423,643,Pirates of the Caribbean: Dead Man's Chest,"1,066,179,747",1066.0,4.7,2006
311,346%,21.7%,78.3%,230.0,2010's,173,622,Pirates of the Caribbean: Dead Men Tell No Tales,"794,881,442",795.0,3.5,2017
312,276%,23.0%,77.0%,379.0,2010's,241,805,Pirates of the Caribbean: On Stranger Tides,"1,045,713,802",1046.0,2.8,2011
313,467%,46.7%,53.3%,140.0,2000's,305,349,Pirates of the Caribbean: The Curse of the Black Pearl,"654,264,015",654.0,4.7,2003
314,362%,49.7%,50.3%,100.0,2000's,180,182,Planet of the Apes,"362,211,740",362.0,3.6,2001
315,629%,40.9%,59.1%,55.0,1990's,142,205,Pocahontas,"346,079,773",346.0,6.3,1995
316,289%,33.3%,66.7%,150.0,2010's,144,289,Pokémon Detective Pikachu,"433,230,304",433.0,2.9,2019
317,3310%,38.5%,61.5%,14.0,1990's,178,285,Pretty Woman,"463,406,268",463.0,33.1,1990
318,187%,33.8%,66.2%,225.0,2000's,142,278,Prince Caspian,"419,665,568",420.0,1.9,2008
319,182%,27.0%,73.0%,185.0,2000's,91,246,Prince of Persia: The Sands of Time,"336,365,676",336.0,1.8,2009
320,310%,31.4%,68.6%,130.0,2010's,126,277,Prometheus,"403,354,469",403.0,3.1,2012
321,427%,26.9%,73.1%,130.0,2010's,149,406,Puss in Boots,"554,987,477",555.0,4.3,2011
322,268%,28.6%,71.4%,220.0,2000's,168,421,Quantum of Solace,"589,580,482",590.0,2.7,2008
323,1950%,63.6%,36.4%,20.0,1980's,248,142,Raiders of the Lost Ark,"389,925,971",390.0,19.5,1981
324,1419%,48.7%,51.3%,25.0,1980's,173,182,Rain Man,"354,825,435",355.0,14.2,1988
325,302%,38.0%,62.0%,175.0,2010's,201,328,Ralph Breaks the Internet,"529,323,962",529.0,3.0,2018
326,357%,23.6%,76.4%,120.0,2010's,101,327,Rampage,"428,028,233",428.0,3.6,2018
327,442%,44.1%,55.9%,70.0,1990's,136,173,Ransom,"309,492,681",309.0,4.4,1996
328,416%,33.1%,66.9%,150.0,2000's,206,417,Ratatouille,"623,726,085",624.0,4.2,2007
329,333%,23.6%,76.4%,175.0,2010's,138,445,Ready Player One,"582,918,849",583.0,3.3,2018
330,781%,8.6%,91.4%,40.0,2010's,27,285,Resident Evil: The Final Chapter,"312,242,626",312.0,7.8,2016
331,1105%,65.1%,34.9%,43.0,1980's,309,166,Return of the Jedi,"475,106,177",475.0,11.0,1983
332,768%,43.8%,56.2%,113.0,2000's,380,488,Revenge of the Sith,"868,390,560",868.0,7.7,2005
333,538%,29.7%,70.3%,90.0,2010's,144,340,Rio,"483,866,518",484.0,5.4,2011
334,384%,26.4%,73.6%,130.0,2010's,132,367,Rio 2,"498,781,117",499.0,3.8,2014
335,518%,36.7%,63.3%,93.0,2010's,177,305,Rise of the Planet of the Apes,"481,800,873",482.0,5.2,2011
336,162%,32.7%,67.3%,198.0,2010's,105,216,Robin Hood,"321,669,741",322.0,1.6,2010
337,814%,42.4%,57.6%,48.0,1990's,165,225,Robin Hood: Prince of Thieves,"390,493,908",390.0,8.1,1991
338,385%,50.4%,49.6%,275.0,2010's,534,525,Rogue One,"1,058,682,142",1059.0,3.8,2016
339,386%,65.1%,34.9%,90.0,2000's,226,121,Rush Hour 2,"347,325,802",347.0,3.9,2001
340,431%,32.7%,67.3%,110.0,2010's,155,319,San Andreas,"474,009,154",474.0,4.3,2015
341,689%,45.0%,55.0%,70.0,1990's,217,265,Saving Private Ryan,"482,349,603",482.0,6.9,1998
342,1394%,45.4%,54.6%,10.0,2000's,63,761,Saw IV,"139,352,633",139.0,13.9,2007
343,1054%,49.8%,50.2%,10.8,2000's,56,571,Saw V,"113,870,000",114.0,10.5,2008
344,1464%,30.1%,69.9%,22.0,1990's,97,225,Schindler's List,"322,161,245",322.0,14.6,1993
345,1091%,30.6%,69.4%,30.0,1990's,100,227,Se7en,"327,333,559",327.0,10.9,1995
346,7538%,34.5%,65.5%,1.0,2010's,26,494,Searching,"75,383,741",75.0,75.4,2018
347,1688%,76.3%,23.7%,2.6,2000's,33,104,Semi-Pro,"43,890,000",44.0,16.9,2008
348,644%,36.4%,63.6%,65.0,2000's,153,266,Sex and the City,"418,765,519",419.0,6.4,2008
349,288%,52.0%,48.0%,150.0,2020's,225,208,Shang-Chi,"432,243,292",432.0,2.9,2021
350,499%,42.9%,57.1%,75.0,2000's,161,214,Shark Tale,"374,583,879",375.0,5.0,2004
351,366%,38.4%,61.6%,100.0,2010's,140,226,Shazam!,"366,080,049",366.0,3.7,2019
352,582%,39.9%,60.1%,90.0,2000's,209,315,Sherlock Holmes,"524,028,679",524.0,5.8,2009
353,435%,34.4%,65.6%,125.0,2010's,187,357,Sherlock Holmes: A Game of Shadows,"543,848,418",544.0,4.4,2011
354,814%,54.9%,45.1%,60.0,2000's,268,220,Shrek,"488,351,320",488.0,8.1,2001
355,619%,47.5%,52.5%,150.0,2000's,441,488,Shrek 2,"928,760,770",929.0,6.2,2004
356,456%,31.7%,68.3%,165.0,2010's,239,514,Shrek Forever After,"752,600,867",753.0,4.6,2010
357,508%,39.7%,60.3%,160.0,2000's,323,491,Shrek the Third,"813,367,380",813.0,5.1,2007
358,567%,55.8%,44.2%,72.0,2000's,228,180,Signs,"408,247,917",408.0,5.7,2002
359,1126%,55.9%,44.1%,21.0,2010's,132,1043,Silver Linings Playbook,"236,412,453",236.0,11.3,2012
360,846%,42.7%,57.3%,75.0,2010's,271,364,Sing,"634,338,384",634.0,8.5,2016
361,479%,40.0%,60.0%,85.0,2020's,163,245,Sing 2,"407,452,213",407.0,4.8,2021
362,2590%,61.9%,38.1%,3.0,2010's,48,296,Sinister,"77,712,439",78.0,25.9,2012
363,554%,27.5%,72.5%,200.0,2010's,304,804,Skyfall,"1,108,569,499",1109.0,5.5,2012
364,1572%,100.0%,0.0%,0.25,2010's,3,0,Sleight,"3,930,990",4.0,15.7,2017
365,2523%,37.4%,62.6%,15.0,2000's,141,237,Slumdog Millionaire,"378,410,542",378.0,25.2,2008
366,233%,39.2%,60.8%,170.0,2010's,155,241,Snow White and the Huntsman,"396,592,829",397.0,2.3,2012
367,131%,54.4%,45.6%,300.0,2010's,214,179,Solo: A Star Wars Story,"392,924,807",393.0,1.3,2018
368,355%,46.6%,53.4%,90.0,2020's,149,171,Sonic the Hedgehog,"319,715,683",320.0,3.6,2020
369,366%,47.4%,52.6%,110.0,2020's,191,212,Sonic the Hedgehog 2,"402,656,846",403.0,3.7,2022
370,294%,22.7%,77.3%,300.0,2010's,200,681,Spectre,"880,705,312",881.0,2.9,2015
371,947%,34.6%,65.4%,37.0,1990's,121,229,Speed,"350,448,145",350.0,9.5,1994
372,594%,49.3%,50.7%,139.0,2000's,407,418,Spider-Man,"825,025,036",825.0,5.9,2002
373,394%,47.4%,52.6%,200.0,2000's,374,415,Spider-Man 2,"788,976,453",789.0,3.9,2004
374,358%,37.6%,62.4%,250.0,2000's,337,558,Spider-Man 3,"894,983,373",895.0,3.6,2007
375,707%,34.5%,65.5%,160.0,2010's,391,741,Spider-Man: Far from Home,"1,131,927,996",1132.0,7.1,2019
376,503%,38.0%,62.0%,175.0,2010's,334,546,Spider-Man: Homecoming,"880,166,924",880.0,5.0,2017
377,427%,49.5%,50.5%,90.0,2010's,190,194,Spider-Man: Into the Spider-Verse,"384,256,930",384.0,4.3,2018
378,986%,41.3%,58.7%,200.0,2020's,814,1157,Spider-Man: No Way Home,"1,971,439,845",1971.0,9.9,2021
379,1872%,3.9%,96.1%,19.0,2000's,14,342,Spirited Away,"355,725,195",356.0,18.7,2001
380,3092%,49.6%,50.4%,9.0,2010's,138,1402,Split,"278,304,578",278.0,30.9,2017
381,257%,66.8%,33.2%,150.0,2000's,258,128,Star Trek,"385,680,446",386.0,2.6,2009
382,186%,46.2%,53.8%,185.0,2010's,159,185,Star Trek Beyond,"343,471,816",343.0,1.9,2016
383,246%,49.0%,51.0%,190.0,2010's,229,239,Star Trek Into Darkness,"467,365,246",467.0,2.5,2013
384,7049%,59.4%,40.6%,11.0,1970's,461,314,Star Wars,"775,398,007",775.0,70.5,1977
385,404%,43.5%,56.5%,185.0,2010's,325,422,Suicide Squad,"746,846,894",747.0,4.0,2016
386,175%,51.2%,48.8%,223.0,2000's,200,191,Superman Returns,"391,081,192",391.0,1.8,2006
387,836%,37.2%,62.8%,45.0,2010's,140,236,Taken 2,"376,152,455",376.0,8.4,2012
388,680%,27.3%,72.7%,48.0,2010's,89,237,Taken 3,"326,479,141",326.0,6.8,2015
389,228%,33.9%,66.1%,260.0,2010's,201,392,Tangled,"592,462,816",592.0,2.3,2010
390,345%,38.2%,61.8%,130.0,1990's,171,277,Tarzan,"448,191,819",448.0,3.4,1999
391,845%,39.8%,60.2%,65.0,2010's,219,331,Ted,"549,368,315",549.0,8.5,2012
392,323%,39.4%,60.6%,150.0,2010's,191,294,Teenage Mutant Ninja Turtles,"485,004,754",485.0,3.2,2014
393,183%,16.0%,84.0%,200.0,2020's,59,307,Tenet,"365,294,355",365.0,1.8,2020
394,521%,39.5%,60.5%,100.0,1990's,206,315,Terminator 2,"520,881,154",521.0,5.2,1991
395,232%,34.7%,65.3%,187.0,2000's,150,283,Terminator 3,"433,371,112",433.0,2.3,2003
396,284%,20.4%,79.6%,155.0,2010's,90,351,Terminator Genisys,"440,603,537",441.0,2.8,2015
397,186%,33.8%,66.2%,200.0,2000's,125,246,Terminator Salvation,"371,353,001",371.0,1.9,2009
398,277%,20.8%,79.2%,135.0,2010's,78,296,The Adventures of Tintin,"373,993,951",374.0,2.8,2011
399,330%,34.6%,65.4%,230.0,2010's,262,496,The Amazing Spider-Man,"757,930,663",758.0,3.3,2012
400,242%,28.6%,71.4%,293.0,2010's,203,506,The Amazing Spider-Man 2,"708,982,323",709.0,2.4,2014
401,483%,30.5%,69.5%,73.0,2010's,108,245,The Angry Birds Movie,"352,333,929",352.0,4.8,2016
402,690%,41.0%,59.0%,220.0,2010's,623,895,The Avengers,"1,518,815,515",1519.0,6.9,2012
403,385%,47.9%,52.1%,200.0,2020's,369,401,The Batman,"770,836,163",771.0,3.9,2022
404,1368%,33.9%,66.1%,10.0,2010's,46,904,The Best Exotic Marigold Hotel,"136,836,156",137.0,13.7,2012
405,1105%,77.6%,22.4%,5.0,2010's,42,124,The Big Sick,"55,263,649",55.0,11.1,2017
406,1066%,82.8%,17.2%,29.0,2000's,256,532,The Blind Side ,"309,200,000",309.0,10.7,2009
407,1644%,29.7%,70.3%,25.0,1990's,122,289,The Bodyguard,"411,046,449",411.0,16.4,1992
408,422%,33.2%,66.8%,125.0,2010's,175,353,The Boss Baby,"527,965,936",528.0,4.2,2017
409,404%,51.2%,48.8%,110.0,2000's,227,217,The Bourne Ultimatum,"444,100,035",444.0,4.0,2007
410,1254%,70.6%,29.4%,4.0,2010's,35,147,The Boy Next Door,"50,163,103",50.0,12.5,2015
411,1049%,82.8%,17.2%,10.0,2010's,86,180,The Campaign,"104,907,746",105.0,10.5,2012
412,1602%,42.9%,57.1%,20.0,2010's,137,183,The Conjuring,"320,406,242",320.0,16.0,2013
413,805%,31.8%,68.2%,40.0,2010's,103,219,The Conjuring 2,"321,834,351",322.0,8.0,2016
414,336%,31.9%,68.1%,175.0,2010's,187,400,The Croods,"587,235,983",587.0,3.4,2013
415,224%,38.0%,62.0%,150.0,2000's,128,208,The Curious Case of Benjamin Button,"335,802,786",336.0,2.2,2008
416,1357%,44.8%,55.2%,9.0,2010's,54,674,The Curse of La Llorona,"122,133,739",122.1,13.6,2019
417,608%,28.6%,71.4%,125.0,2000's,218,542,The Da Vinci Code,"760,006,945",760.0,6.1,2006
418,544%,53.2%,46.8%,185.0,2000's,535,471,The Dark Knight,"1,006,234,167",1006.0,5.4,2008
419,360%,41.4%,58.6%,300.0,2010's,448,633,The Dark Knight Rises,"1,081,169,825",1081.0,3.6,2012
420,442%,33.8%,66.2%,125.0,2000's,187,366,The Day After Tomorrow,"552,639,571",553.0,4.4,2004
421,1895%,3.3%,6.7%,13.0,2010's,8,166,The Death of Stalin,"24,640,027",246.0,19.0,2017
422,10176%,52.3%,47.7%,1.0,2010's,53,485,The Devil Inside,"101,758,490",102.0,101.8,2012
423,933%,38.2%,61.8%,35.0,2000's,125,202,The Devil Wears Prada,"326,706,115",327.0,9.3,2006
424,3678%,52.8%,47.2%,12.0,1970's,233,208,The Exorcist,"441,306,145",441.0,36.8,1973
425,315%,27.0%,73.0%,100.0,2010's,85,230,The Expendables 2,"314,975,955",315.0,3.1,2012
426,458%,18.3%,81.7%,270.0,2010's,226,1010,The Fate of the Furious,"1,236,005,118",1236.0,4.6,2017
427,2560%,40.6%,59.4%,12.0,2010's,124,1824,The Fault in our Stars,"307,239,013",307.0,25.6,2014
428,1023%,51.8%,48.2%,13.0,2010's,68,641,The First Purge,"133,015,065",133.0,10.2,2018
429,743%,38.2%,61.8%,46.0,1990's,131,211,The Flintstones,"341,631,208",342.0,7.4,1994
430,676%,45.3%,54.7%,306.0,2010's,937,1133,The Force Awakens,"2,069,521,700",2070.0,6.8,2015
431,838%,49.8%,50.2%,44.0,1990's,184,185,The Fugitive,"368,875,760",369.0,8.4,1993
432,38164%,59.6%,40.4%,0.1,2010's,22,154,The Gallows,"38,164,410",38.0,381.6,2015
433,1180%,74.2%,25.8%,5.0,2010's,43,152,The Gift,"58,978,653",59.0,11.8,2015
434,207%,18.8%,81.2%,180.0,2000's,70,302,The Golden Compass,"372,234,864",372.0,2.1,2007
435,166%,37.0%,63.0%,200.0,2010's,123,209,The Good Dinosaur,"332,207,671",332.0,1.7,2015
436,186%,41.0%,59.0%,190.0,2010's,145,209,The Great Gatsby,"353,659,851",354.0,1.9,2013
437,519%,40.0%,60.0%,84.0,2010's,174,261,The Greatest Showman,"435,732,529",436.0,5.2,2017
438,684%,52.9%,47.1%,75.0,2010's,271,241,The Grinch,"512,858,819",513.0,6.8,2018
439,1341%,59.1%,40.9%,35.0,2000's,277,192,The Hangover,"469,328,079",469.0,13.4,2009
440,733%,43.4%,56.6%,80.0,2010's,254,332,The Hangover Part II,"586,764,305",587.0,7.3,2011
441,351%,31.0%,69.0%,103.0,2010's,112,250,The Hangover Part III,"362,000,072",362.0,3.5,2013
442,565%,29.8%,70.2%,180.0,2010's,303,714,The Hobbit: An Unexpected Journey,"1,017,030,651",1017.0,5.7,2012
443,321%,26.5%,73.5%,300.0,2010's,255,707,The Hobbit: The Battle of the Five Armies,"962,201,338",962.0,3.2,2014
444,384%,26.9%,73.1%,250.0,2010's,258,701,The Hobbit: The Desolation of Smaug,"959,027,992",959.0,3.8,2013
445,465%,30.8%,69.2%,70.0,1990's,100,225,The Hunchback of Notre Dame,"325,338,851",325.0,4.6,1996
446,890%,58.8%,41.2%,78.0,2010's,408,286,The Hunger Games,"694,394,724",694.0,8.9,2012
447,1109%,49.1%,50.9%,78.0,2010's,425,440,The Hunger Games: Catching Fire,"865,011,746",865.0,11.1,2013
448,1571%,41.4%,58.6%,14.0,2010's,91,1289,The Imitation Game,"219,979,959",220.0,15.7,2014
449,436%,41.4%,58.6%,145.0,2000's,261,370,The Incredibles,"631,607,053",632.0,4.4,2004
450,546%,37.7%,62.3%,177.0,2010's,364,603,The Jungle Book (2016),"966,554,929",967.0,5.5,2016
451,898%,49.2%,50.8%,40.0,2010's,177,183,The Karate Kid,"359,126,022",359.0,9.0,2010
452,2849%,32.5%,67.5%,15.0,2010's,139,289,The King's Speech,"427,374,317",427.0,28.5,2010
453,925%,100.0%,198.4%,15.0,2010's,138,2754,The King's Speech,"414,200,000",139.0,9.3,2010
454,213%,41.2%,58.8%,150.0,2010's,132,188,The Last Airbender,"319,713,881",320.0,2.1,2010
455,2279%,100.0%,65.1%,1.8,2010's,41,267,The Last Exorcism,"67,730,000",41.0,22.8,2010
456,420%,46.5%,53.5%,317.0,2010's,620,713,The Last Jedi,"1,332,698,830",1333.0,4.2,2017
457,325%,24.4%,75.6%,140.0,2000's,111,344,The Last Samurai,"454,627,263",455.0,3.2,2003
458,1943%,40.2%,59.8%,3.3,2010's,25,383,The Lazarus Effect,"64,110,728",64.0,19.4,2015
459,198%,35.5%,64.5%,180.0,2010's,127,230,The Legend of Tarzan,"356,700,357",357.0,2.0,2016
460,390%,56.4%,43.6%,80.0,2010's,176,136,The Lego Batman Movie,"312,136,671",312.0,3.9,2017
461,720%,55.1%,44.9%,65.0,2010's,258,210,The Lego Movie,"468,266,122",468.0,7.2,2014
462,640%,32.7%,67.3%,260.0,2010's,544,1120,The Lion King,"1,663,250,487",1663.0,6.4,2019
463,2364%,39.8%,60.2%,45.0,1990's,423,641,The Lion King,"1,063,611,805",1064.0,23.6,1994
464,414%,39.2%,60.8%,180.0,2000's,292,453,"The Lion, the Witch and the Wardrobe","745,013,115",745.0,4.1,2005
465,499%,61.4%,38.6%,70.0,2010's,214,135,The Lorax,"349,183,316",349.0,5.0,2012
466,847%,37.0%,63.0%,73.0,1990's,229,390,The Lost World: Jurassic Park,"618,638,999",619.0,8.5,1997
467,584%,36.2%,63.8%,108.0,2010's,228,402,The Martian,"630,620,818",631.0,5.8,2015
468,1953%,34.1%,65.9%,18.0,1990's,120,232,The Mask,"351,583,407",352.0,19.5,1994
469,742%,36.8%,63.2%,63.0,1990's,172,295,The Matrix,"467,222,728",467.0,7.4,1999
470,495%,38.0%,62.0%,150.0,2000's,282,460,The Matrix Reloaded,"741,847,937",742.0,4.9,2003
471,285%,32.6%,67.4%,150.0,2000's,139,288,The Matrix Revolutions,"427,344,325",427.0,2.8,2003
472,1024%,29.4%,70.6%,34.0,2010's,102,246,The Maze Runner,"348,319,861",348.0,10.2,2014
473,298%,27.4%,72.6%,178.0,2010's,146,385,The Meg,"530,517,320",531.0,3.0,2018
474,520%,37.4%,62.6%,80.0,1990's,155,261,The Mummy,"415,933,406",416.0,5.2,1999
475,512%,19.6%,80.4%,80.0,2010's,80,329,The Mummy,"409,231,607",409.0,5.1,2017
476,452%,45.6%,54.4%,98.0,2000's,202,241,The Mummy Returns,"443,280,904",443.0,4.5,2001
477,278%,25.4%,74.6%,145.0,2000's,102,301,The Mummy: Tomb of the Dragon Emperor,"403,449,830",403.0,2.8,2008
478,1662%,32.1%,67.9%,22.0,2010's,117,248,The Nun,"365,582,797",366.0,16.6,2018
479,2040%,60.6%,39.4%,30.0,2000's,371,241,The Passion of the Christ,"612,054,506",612.0,20.4,2004
480,274%,55.6%,44.4%,120.0,2000's,183,146,The Perfect Storm,"328,718,434",329.0,2.7,2000
481,893%,46.2%,53.8%,115.0,1990's,475,553,The Phantom Menace,"1,027,082,707",1027.0,8.9,1999
482,185%,59.9%,40.1%,170.0,2000's,189,126,The Polar Express,"315,249,768",315.0,1.9,2004
483,793%,51.7%,48.3%,40.0,2000's,164,153,The Proposal,"317,375,031",317.0,7.9,2009
484,2978%,72.2%,27.8%,3.0,2010's,64,249,The Purge,"89,328,627",89.0,29.8,2013
485,1229%,65.1%,34.9%,9.0,2010's,72,386,The Purge: Anarchy,"110,602,999",111.0,12.3,2014
486,1184%,66.7%,33.3%,10.0,2010's,79,394,The Purge: Election Year,"118,416,945",118.0,11.8,2016
487,395%,34.5%,65.5%,135.0,2010's,184,349,The Revenant,"532,950,503",533.0,3.9,2015
488,391%,48.0%,52.0%,275.0,2010's,515,559,The Rise of Skywalker,"1,074,149,279",1074.0,3.9,2019
489,447%,40.0%,60.0%,75.0,1990's,134,201,The Rock,"335,062,621",335.0,4.5,1996
490,1192%,41.2%,58.8%,75.0,2010's,368,526,The Secret Life of Pets,"894,328,469",894.0,11.9,2016
491,575%,36.9%,63.1%,75.0,2010's,159,272,The Secret Life of Pets 2,"431,058,056",431.0,5.7,2019
492,715%,34.1%,65.9%,75.0,2000's,183,353,The Simpsons Movie,"536,414,293",536.0,7.2,2007
493,1682%,43.6%,56.4%,40.0,1990's,294,379,The Sixth Sense,"672,806,432",673.0,16.8,1999
494,512%,25.3%,74.7%,110.0,2010's,143,421,The Smurfs,"563,749,323",564.0,5.1,2011
495,331%,20.4%,79.6%,105.0,2010's,71,277,The Smurfs 2,"347,545,360",348.0,3.3,2013
496,439%,50.1%,49.9%,74.0,2010's,163,162,The SpongeBob Movie: Sponge Out of Water,"325,186,032",325.0,4.4,2015
497,1027%,43.0%,57.0%,68.0,2010's,301,398,The Twilight Saga: Eclipse,"698,509,825",699.0,10.3,2010
498,1819%,71.2%,28.8%,5.0,2010's,64,262,The Visit,"90,937,439",91.0,18.2,2015
499,268%,25.1%,74.9%,155.0,2010's,104,311,The Voyage of the Dawn Treader,"415,686,217",416.0,2.7,2010
500,1347%,62.2%,37.8%,3.0,2010's,25,153,The Witch,"40,423,945",40.0,13.5,2016
501,407%,28.7%,71.3%,100.0,2010's,117,290,The Wolf of Wall Street,"406,878,233",407.0,4.1,2013
502,314%,32.0%,68.0%,132.0,2010's,133,282,The Wolverine,"414,828,246",415.0,3.1,2013
503,268%,35.1%,64.9%,135.0,1990's,127,235,The World Is Not Enough,"361,832,400",362.0,2.7,1999
504,1608%,47.7%,52.3%,23.0,1990's,176,193,There's Something About Mary,"369,884,651",370.0,16.1,1998
505,300%,40.3%,59.7%,150.0,2010's,181,268,Thor,"449,326,618",449.0,3.0,2011
506,304%,45.1%,54.9%,250.0,2020's,343,418,Thor: Love and Thunder,"760,928,081",761.0,3.0,2022
507,474%,36.9%,63.1%,180.0,2010's,315,539,Thor: Ragnarok,"853,983,879",854.0,4.7,2017
508,379%,32.0%,68.0%,170.0,2010's,206,438,Thor: The Dark World,"644,783,140",645.0,3.8,2013
509,1101%,30.0%,70.0%,200.0,1990's,659,1542,Titanic,"2,201,647,264",2202.0,11.0,1997
510,303%,37.6%,62.4%,110.0,1990's,125,208,Tomorrow Never Dies,"333,011,068",333.0,3.0,1997
511,2382%,50.4%,49.6%,15.0,1980's,180,177,Top Gun,"357,288,178",357.0,23.8,1986
512,875%,48.2%,51.8%,170.0,2020's,717,770,Top Gun: Maverick,"1,486,657,763",1487.0,8.7,2022
513,1315%,56.6%,43.4%,30.0,1990's,223,171,Toy Story,"394,436,586",394.0,13.1,1995
514,553%,49.4%,50.6%,90.0,1990's,246,252,Toy Story 2,"497,375,381",497.0,5.5,1999
515,533%,38.9%,61.1%,200.0,2010's,415,652,Toy Story 3,"1,066,970,811",1067.0,5.3,2010
516,537%,40.4%,59.6%,200.0,2010's,434,639,Toy Story 4,"1,073,394,593",1073.0,5.4,2019
517,355%,45.0%,55.0%,200.0,2000's,319,390,Transformers,"709,709,780",710.0,3.5,2007
518,526%,22.2%,77.8%,210.0,2010's,245,859,Transformers: Age of Extinction,"1,104,054,072",1104.0,5.3,2014
519,642%,31.4%,68.6%,175.0,2010's,352,771,Transformers: Dark of the Moon,"1,123,794,079",1124.0,6.4,2011
520,418%,48.1%,51.9%,200.0,2000's,402,434,Transformers: Revenge of the Fallen,"836,303,693",836.0,4.2,2009
521,279%,21.5%,78.5%,217.0,2010's,130,475,Transformers: The Last Knight,"605,425,157",605.0,2.8,2017
522,278%,44.4%,55.6%,125.0,2010's,154,193,Trolls,"347,182,886",347.0,2.8,2016
523,235%,43.0%,57.0%,170.0,2010's,172,228,Tron: Legacy,"400,063,852",400.0,2.4,2010
524,269%,26.8%,73.2%,185.0,2000's,133,364,Troy,"497,409,852",497.0,2.7,2004
525,316%,38.6%,61.4%,120.0,1990's,146,233,True Lies,"378,882,411",379.0,3.2,1994
526,2710%,42.9%,57.1%,3.5,2010's,40,541,Truth or Dare,"94,835,301",95.0,27.1,2018
527,1104%,47.5%,52.5%,37.0,2000's,194,214,Twilight,"408,430,415",408.0,11.0,2008
528,442%,100.0%,132.4%,68.0,2010's,300,3980,Twilight: Eclipse        ,"698,490,000",301.0,4.4,2010
529,1422%,41.9%,58.1%,50.0,2000's,298,413,Twilight: New Moon,"711,025,481",711.0,14.2,2009
530,538%,48.9%,51.1%,92.0,1990's,242,253,Twister,"494,580,615",495.0,5.4,1996
531,335%,37.0%,63.0%,120.0,2020's,149,253,Uncharted,"401,748,820",402.0,3.3,2022
532,1371%,54.0%,46.0%,1.7,2000's,12,107,Under the Same Moon,"23,310,000",23.0,13.7,2008
533,420%,39.9%,60.1%,175.0,2000's,293,442,Up,"735,099,102",735.0,4.2,2009
534,1083%,70.4%,29.6%,20.0,2010's,152,642,Us,"216,581,515",216.6,10.8,2019
535,738%,24.9%,75.1%,116.0,2010's,214,643,Venom,"856,085,151",856.0,7.4,2018
536,461%,42.1%,57.9%,110.0,2020's,214,293,Venom: Let There Be Carnage,"506,863,592",507.0,4.6,2021
537,1109%,86.0%,14.0%,2.0,2000's,19,31,Waitress,"22,179,483",22.0,11.1,2007
538,290%,42.9%,57.1%,180.0,2000's,224,298,WALL·E,"521,311,890",521.0,2.9,2008
539,457%,39.3%,60.7%,75.0,2000's,135,208,Wanted,"342,463,063",342.0,4.6,2008
540,323%,29.9%,70.1%,152.0,2010's,147,344,War for the Planet of the Apes,"490,719,763",491.0,3.2,2017
541,457%,38.8%,61.2%,132.0,2000's,234,370,War of the Worlds,"603,873,119",604.0,4.6,2005
542,2241%,100.0%,0.0%,3.0,2010's,67,0,War Room,"67,217,187",67.0,22.4,2015
543,274%,10.8%,89.2%,160.0,2010's,47,392,Warcraft,"439,048,914",439.0,2.7,2016
544,534%,48.9%,51.1%,70.0,2000's,183,191,What Women Want,"374,111,707",374.0,5.3,2000
545,2514%,100.0%,31.7%,1.3,2010's,32,104,When in Rome,"43,040,000",33.0,25.1,2010
546,660%,47.4%,52.6%,50.0,1980's,156,173,Who Framed Roger Rabbit,"329,803,958",330.0,6.6,1988
547,411%,50.2%,49.8%,200.0,2010's,413,410,Wonder Woman,"822,854,286",823.0,4.1,2017
548,284%,37.5%,62.5%,190.0,2010's,203,338,World War Z,"540,455,876",540.0,2.8,2013
549,286%,40.2%,59.8%,165.0,2010's,189,282,Wreck-It Ralph,"471,222,889",471.0,2.9,2012
550,249%,48.2%,51.8%,150.0,2000's,180,193,X-Men Origins: Wolverine,"373,062,864",373.0,2.5,2009
551,306%,28.6%,71.4%,178.0,2010's,155,388,X-Men: Apocalypse,"543,934,105",544.0,3.1,2016
552,364%,31.4%,68.6%,205.0,2010's,234,512,X-Men: Days of Future Past,"746,045,700",746.0,3.6,2014
553,220%,41.5%,58.5%,160.0,2010's,146,206,X-Men: First Class,"352,616,690",353.0,2.2,2011
554,219%,50.9%,49.1%,210.0,2000's,234,226,X-Men: The Last Stand,"460,435,291",460.0,2.2,2006
555,371%,52.7%,47.3%,110.0,2000's,215,193,X2: X-Men United,"407,711,549",408.0,3.7,2003
556,407%,13.0%,87.0%,85.0,2010's,45,301,xXx: Return of Xander Cage,"346,118,277",346.0,4.1,2017
557,695%,32.7%,67.3%,150.0,2010's,341,701,Zootopia,"1,042,533,689",1043.0,7.0,2016
