,rating,title,genres,genres.1,genres.2,% budget recovered,% of gross from domestic,% of gross from international,budget (m),decade,domestic gross (m),international gross (m),worldwide gross,worldwide gross (m),x times budget recovered,year
78928,2.0,The Jungle Book (2016),Adventure,Drama,Fantasy,546%,37.7%,62.3%,177.0,2010's,364.0,603.0,"966,554,929",967.0,5.5,2016.0
78929,3.0,The Jungle Book (2016),Adventure,Drama,Fantasy,546%,37.7%,62.3%,177.0,2010's,364.0,603.0,"966,554,929",967.0,5.5,2016.0
78930,3.5,The Jungle Book (2016),Adventure,Drama,Fantasy,546%,37.7%,62.3%,177.0,2010's,364.0,603.0,"966,554,929",967.0,5.5,2016.0
78931,4.5,The Jungle Book (2016),Adventure,Drama,Fantasy,546%,37.7%,62.3%,177.0,2010's,364.0,603.0,"966,554,929",967.0,5.5,2016.0
78932,3.5,The Jungle Book (2016),Adventure,Drama,Fantasy,546%,37.7%,62.3%,177.0,2010's,364.0,603.0,"966,554,929",967.0,5.5,2016.0
78933,3.5,The Jungle Book (2016),Adventure,Drama,Fantasy,546%,37.7%,62.3%,177.0,2010's,364.0,603.0,"966,554,929",967.0,5.5,2016.0
78934,4.0,The Jungle Book (2016),Adventure,Drama,Fantasy,546%,37.7%,62.3%,177.0,2010's,364.0,603.0,"966,554,929",967.0,5.5,2016.0
78935,4.0,The Jungle Book (2016),Adventure,Drama,Fantasy,546%,37.7%,62.3%,177.0,2010's,364.0,603.0,"966,554,929",967.0,5.5,2016.0
78936,3.0,The Jungle Book (2016),Adventure,Drama,Fantasy,546%,37.7%,62.3%,177.0,2010's,364.0,603.0,"966,554,929",967.0,5.5,2016.0
78937,5.0,The Jungle Book (2016),Adventure,Drama,Fantasy,546%,37.7%,62.3%,177.0,2010's,364.0,603.0,"966,554,929",967.0,5.5,2016.0
78938,4.0,The Jungle Book (2016),Adventure,Drama,Fantasy,546%,37.7%,62.3%,177.0,2010's,364.0,603.0,"966,554,929",967.0,5.5,2016.0
93459,3.5,Ready Player One,Action,Sci-Fi,Thriller,333%,23.6%,76.4%,175.0,2010's,138.0,445.0,"582,918,849",583.0,3.3,2018.0
93460,4.5,Ready Player One,Action,Sci-Fi,Thriller,333%,23.6%,76.4%,175.0,2010's,138.0,445.0,"582,918,849",583.0,3.3,2018.0
93461,3.0,Ready Player One,Action,Sci-Fi,Thriller,333%,23.6%,76.4%,175.0,2010's,138.0,445.0,"582,918,849",583.0,3.3,2018.0
93462,3.0,Ready Player One,Action,Sci-Fi,Thriller,333%,23.6%,76.4%,175.0,2010's,138.0,445.0,"582,918,849",583.0,3.3,2018.0
100836,,300,,,,702%,46.2%,53.8%,65.0,2000's,211.0,245.0,"456,082,343",456.0,7.0,2007.0
100837,,1917,,,,427%,41.4%,58.6%,90.0,2010's,159.0,225.0,"384,576,334",385.0,4.3,2019.0
100838,,2012,,,,396%,21.0%,79.0%,200.0,2000's,166.0,625.0,"791,217,826",791.0,4.0,2009.0
100839,,101 Dalmatians,,,,479%,42.5%,57.5%,67.0,1990's,136.0,185.0,"320,689,294",321.0,4.8,1996.0
100840,,22 Jump Street,,,,663%,57.9%,42.1%,50.0,2010's,192.0,140.0,"331,333,876",331.0,6.6,2014.0
100841,,300: Rise of an Empire,,,,307%,31.6%,68.4%,110.0,2010's,107.0,231.0,"337,580,051",338.0,3.1,2014.0
100842,,A Beautiful Mind,,,,546%,53.9%,46.1%,58.0,2000's,171.0,146.0,"316,791,257",317.0,5.5,2001.0
100843,,A Bug's Life,,,,303%,44.8%,55.2%,120.0,1990's,163.0,200.0,"363,258,859",363.0,3.0,1998.0
100844,,A Christmas Carol,,,,163%,42.4%,57.6%,200.0,2000's,138.0,187.0,"325,286,646",325.0,1.6,2009.0
100845,,A Haunted House,,,,2406%,66.6%,33.4%,2.5,2010's,40.0,201.0,"60,141,683",60.0,24.1,2013.0
100846,,A Quiet Place,,,,2006%,55.2%,44.8%,17.0,2010's,188.0,153.0,"340,952,971",341.0,20.1,2018.0
100847,,A Star Is Born,,,,1212%,49.4%,50.6%,36.0,2010's,215.0,221.0,"436,233,122",436.0,12.1,2018.0
100848,,Air Force One,,,,371%,54.9%,45.1%,85.0,1990's,173.0,142.0,"315,156,409",315.0,3.7,1997.0
100849,,Aladdin,,,,574%,33.8%,66.2%,183.0,2010's,356.0,695.0,"1,050,693,953",1051.0,5.7,2019.0
100850,,Aladdin,,,,1800%,43.1%,56.9%,28.0,1990's,217.0,287.0,"504,050,219",504.0,18.0,1992.0
100851,,Alice in Wonderland,,,,513%,32.6%,67.4%,200.0,2010's,334.0,691.0,"1,025,468,216",1025.0,5.1,2010.0
100852,,Alita: Battle Angel,,,,238%,21.2%,78.8%,170.0,2010's,86.0,319.0,"404,980,543",405.0,2.4,2019.0
100853,,Alvin & the Chipmunks: The Squeakquel,,,,591%,49.6%,50.4%,75.0,2000's,220.0,224.0,"443,140,005",443.0,5.9,2009.0
100854,,Alvin and the Chipmunks,,,,522%,59.5%,40.5%,70.0,2000's,217.0,148.0,"365,352,546",365.0,5.2,2007.0
100855,,Alvin and the Chipmunks: Chipwrecked,,,,428%,38.8%,61.2%,80.0,2010's,133.0,210.0,"342,695,435",343.0,4.3,2011.0
100856,,American Beauty,,,,2375%,36.5%,63.5%,15.0,1990's,130.0,226.0,"356,296,601",356.0,23.8,1999.0
100857,,American Sniper,,,,928%,64.0%,36.0%,59.0,2010's,350.0,197.0,"547,459,020",547.0,9.3,2014.0
100858,,Angels & Demons,,,,324%,27.4%,72.6%,150.0,2000's,133.0,353.0,"485,930,816",486.0,3.2,2009.0
100859,,Annabelle,,,,3927%,33.0%,67.0%,6.5,2010's,84.0,1710.0,"255,273,813",255.0,39.3,2014.0
100860,,Annabelle: Creation,,,,2039%,33.4%,66.6%,15.0,2010's,102.0,2037.0,"305,792,201",306.0,20.4,2017.0
100861,,Ant-Man,,,,399%,34.7%,65.3%,130.0,2010's,180.0,339.0,"519,311,965",519.0,4.0,2015.0
100862,,Ant-Man and the Wasp,,,,319%,34.8%,65.2%,195.0,2010's,217.0,406.0,"622,674,139",623.0,3.2,2018.0
100863,,Apollo 13,,,,683%,48.9%,51.1%,52.0,1990's,174.0,181.0,"355,237,933",355.0,6.8,1995.0
100864,,Aquaman,,,,718%,29.2%,70.8%,160.0,2010's,335.0,813.0,"1,148,528,393",1149.0,7.2,2018.0
100865,,Armageddon,,,,396%,36.4%,63.6%,140.0,1990's,202.0,352.0,"553,709,788",554.0,4.0,1998.0
100866,,As Good as It Gets,,,,628%,47.3%,52.7%,50.0,1990's,148.0,166.0,"314,178,011",314.0,6.3,1997.0
100867,,Attack of the Clones,,,,569%,47.5%,52.5%,115.0,2000's,311.0,343.0,"653,779,970",654.0,5.7,2002.0
100868,,Austin Powers: The Spy Who Shagged Me,,,,946%,66.0%,34.0%,33.0,1990's,206.0,106.0,"312,016,928",312.0,9.5,1999.0
100869,,Avatar,,,,1233%,26.9%,73.1%,237.0,2000's,785.0,2138.0,"2,922,917,914",2923.0,12.3,2009.0
100870,,Avatar 2*,,,,772%,31.1%,68.9%,250.0,2020's,576.0,1353.0,"1,478,051,935",1930.0,7.7,2022.0
100871,,Avengers: Age of Ultron,,,,561%,32.7%,67.3%,250.0,2010's,459.0,944.0,"1,402,809,540",1403.0,5.6,2015.0
100872,,Avengers: Endgame,,,,786%,30.7%,69.3%,356.0,2010's,858.0,1939.0,"2,797,501,328",2798.0,7.9,2019.0
100873,,Avengers: Infinity War,,,,638%,33.1%,66.9%,321.0,2010's,679.0,1370.0,"2,048,359,754",2048.0,6.4,2018.0
100874,,Back to the Future,,,,2018%,55.5%,44.5%,19.0,1980's,213.0,171.0,"383,336,762",383.0,20.2,1985.0
100875,,Back to the Future II,,,,831%,35.8%,64.2%,40.0,1980's,119.0,214.0,"332,500,002",333.0,8.3,1989.0
100876,,Bad Boys for Life,,,,474%,48.4%,51.6%,90.0,2020's,206.0,220.0,"426,505,244",427.0,4.7,2020.0
100877,,Bad Grandpa,,,,1012%,67.2%,32.8%,15.0,2010's,102.0,498.0,"151,831,537",152.0,10.1,2013.0
100878,,Basic Instinct,,,,720%,33.4%,66.6%,49.0,1990's,118.0,235.0,"352,927,224",353.0,7.2,1992.0
100879,,Batman,,,,857%,61.1%,38.9%,48.0,1980's,251.0,160.0,"411,569,241",412.0,8.6,1989.0
100880,,Batman Begins,,,,249%,55.4%,44.6%,150.0,2000's,207.0,167.0,"373,672,993",374.0,2.5,2005.0
100881,,Batman Forever,,,,337%,54.7%,45.3%,100.0,1990's,184.0,152.0,"336,567,158",337.0,3.4,1995.0
100882,,Batman v Superman,,,,349%,37.8%,62.2%,250.0,2010's,330.0,543.0,"873,637,528",874.0,3.5,2016.0
100883,,Beauty and the Beast,,,,816%,38.6%,61.4%,160.0,2010's,504.0,801.0,"1,305,611,599",1306.0,8.2,2017.0
100884,,Beauty and the Beast,,,,1700%,51.5%,48.5%,25.0,1990's,219.0,206.0,"424,967,620",425.0,17.0,1991.0
100885,,Beverly Hills Cop,,,,2434%,74.2%,25.8%,13.0,1980's,235.0,82.0,"316,360,478",316.0,24.3,1984.0
100886,,Big Hero 6,,,,399%,33.8%,66.2%,165.0,2010's,223.0,435.0,"657,869,686",658.0,4.0,2014.0
100887,,Black Adam,,,,169%,43.1%,56.9%,230.0,2020's,163.0,215.0,"377,736,860",389.0,1.7,2022.0
100888,,Black Panther,,,,674%,50.7%,49.3%,205.0,2010's,700.0,682.0,"1,382,248,826",1382.0,6.7,2018.0
100889,,Black Panther: Wakanda Forever,,,,270%,54.4%,45.6%,250.0,2020's,367.0,309.0,"676,036,389",676.0,2.7,2022.0
100890,,Black Swan,,,,2534%,32.5%,67.5%,13.0,2010's,107.0,222.0,"329,398,046",329.0,25.3,2010.0
100891,,Black Widow,,,,190%,48.4%,51.6%,200.0,2020's,184.0,196.0,"379,751,655",380.0,1.9,2021.0
100892,,Blair Witch Project,,,,165333%,56.4%,43.6%,0.15,1990's,140.0,108.0,"248,000,000",248.0,1653.3,1999.0
100893,,Bohemian Rhapsody,,,,1752%,23.8%,76.2%,52.0,2010's,217.0,694.0,"910,809,311",911.0,17.5,2018.0
100894,,Bolt,,,,207%,36.8%,63.2%,150.0,2000's,114.0,196.0,"309,979,994",310.0,2.1,2008.0
100895,,Boyhood,,,,1112%,57.0%,43.0%,4.0,2010's,25.0,191.0,"44,495,281",44.0,11.1,2014.0
100896,,Brave,,,,291%,44.0%,56.0%,185.0,2010's,237.0,302.0,"538,983,207",539.0,2.9,2012.0
100897,,Breaking Dawn - Part 1,,,,561%,39.5%,60.5%,127.0,2010's,281.0,431.0,"712,205,856",712.0,5.6,2011.0
100898,,Breaking Dawn - Part 2,,,,624%,34.4%,65.6%,136.0,2010's,292.0,557.0,"848,853,382",849.0,6.2,2012.0
100899,,Bruce Almighty,,,,598%,50.1%,49.9%,81.0,2000's,243.0,242.0,"484,592,874",485.0,6.0,2003.0
100900,,Bumblebee,,,,347%,27.2%,72.8%,135.0,2010's,127.0,341.0,"467,989,645",468.0,3.5,2018.0
100901,,Call Me By Your Name,,,,1191%,43.4%,56.6%,3.5,2010's,18.0,236.0,"41,698,818",42.0,11.9,2018.0
100902,,Captain America: Civil War,,,,461%,35.4%,64.6%,250.0,2010's,408.0,745.0,"1,153,337,496",1153.0,4.6,2016.0
100903,,Captain America: The First Avenger,,,,265%,47.7%,52.3%,140.0,2010's,177.0,194.0,"370,569,774",371.0,2.6,2011.0
100904,,Captain America: The Winter Soldier,,,,420%,36.4%,63.6%,170.0,2010's,260.0,455.0,"714,421,503",714.0,4.2,2014.0
100905,,Captain Marvel,,,,742%,37.8%,62.2%,152.0,2010's,427.0,702.0,"1,128,462,972",1128.0,7.4,2019.0
100906,,Cars,,,,385%,52.8%,47.2%,120.0,2000's,244.0,218.0,"461,991,867",462.0,3.8,2006.0
100907,,Cars 2,,,,280%,34.2%,65.8%,200.0,2010's,191.0,368.0,"559,852,396",560.0,2.8,2011.0
100908,,Cars 3,,,,219%,39.8%,60.2%,175.0,2010's,153.0,231.0,"383,930,656",384.0,2.2,2017.0
100909,,Casino Royale,,,,411%,27.2%,72.8%,150.0,2000's,167.0,449.0,"616,502,912",617.0,4.1,2006.0
100910,,Cast Away,,,,477%,54.4%,45.6%,90.0,2000's,234.0,196.0,"429,632,142",430.0,4.8,2000.0
100911,,Catch Me If You Can,,,,677%,46.8%,53.2%,52.0,2000's,165.0,187.0,"352,114,312",352.0,6.8,2002.0
100912,,Charlie and the Chocolate Factory,,,,317%,43.5%,56.5%,150.0,2000's,206.0,269.0,"474,968,763",475.0,3.2,2005.0
100913,,Chernobyl Diaries,,,,3716%,48.8%,51.2%,1.0,2010's,18.0,190.0,"37,157,648",37.0,37.2,2012.0
100914,,Chicken Little,,,,210%,43.1%,56.9%,150.0,2000's,135.0,179.0,"314,432,837",314.0,2.1,2005.0
100915,,Chronicle,,,,1055%,51.0%,49.0%,12.0,2010's,64.0,621.0,"126,636,097",127.0,10.6,2012.0
100916,,Cinderella,,,,571%,37.1%,62.9%,95.0,2010's,201.0,341.0,"542,358,331",542.0,5.7,2015.0
100917,,Clash of the Titans,,,,395%,33.1%,66.9%,125.0,2010's,163.0,330.0,"493,214,993",493.0,3.9,2010.0
100918,,Coco,,,,359%,26.0%,74.0%,225.0,2010's,210.0,597.0,"807,817,888",808.0,3.6,2017.0
100919,,Crocodile Dundee,,,,3282%,53.3%,46.7%,10.0,1980's,175.0,153.0,"328,203,506",328.0,32.8,1986.0
100920,,Dallas Buyers Club,,,,1104%,49.5%,50.5%,5.0,2010's,27.0,279.0,"55,198,285",55.0,11.0,2013.0
100921,,Dances with Wolves,,,,1928%,43.4%,56.6%,22.0,1990's,184.0,240.0,"424,208,848",424.0,19.3,1990.0
100922,,Dawn of the Planet of the Apes,,,,418%,29.4%,70.6%,170.0,2010's,209.0,502.0,"710,644,566",711.0,4.2,2014.0
100923,,Deadpool,,,,1350%,46.4%,53.6%,58.0,2010's,363.0,420.0,"782,836,791",783.0,13.5,2016.0
100924,,Deadpool 2,,,,714%,41.3%,58.7%,110.0,2010's,325.0,461.0,"785,896,609",786.0,7.1,2018.0
100925,,Deep Impact,,,,437%,40.2%,59.8%,80.0,1990's,140.0,209.0,"349,464,664",349.0,4.4,1998.0
100926,,Despicable Me,,,,787%,46.3%,53.7%,69.0,2010's,252.0,292.0,"543,157,985",543.0,7.9,2010.0
100927,,Despicable Me 2,,,,1245%,37.9%,62.1%,78.0,2010's,368.0,603.0,"970,766,005",971.0,12.4,2013.0
100928,,Despicable Me 3,,,,1294%,25.6%,74.4%,80.0,2010's,265.0,770.0,"1,034,800,131",1035.0,12.9,2017.0
100929,,Die Another Day,,,,304%,37.3%,62.7%,142.0,2000's,161.0,271.0,"431,971,116",432.0,3.0,2002.0
100930,,Die Hard with a Vengeance,,,,407%,27.3%,72.7%,90.0,1990's,100.0,266.0,"366,101,666",366.0,4.1,1995.0
100931,,Dinosaur,,,,280%,39.4%,60.6%,125.0,2000's,138.0,212.0,"349,822,765",350.0,2.8,2000.0
100932,,Django Unchained,,,,426%,38.2%,61.8%,100.0,2010's,163.0,263.0,"426,074,373",426.0,4.3,2012.0
100933,,Don Jon,,,,1015%,80.4%,19.6%,3.0,2010's,24.0,60.0,"30,450,756",30.0,10.2,2013.0
100934,,Don’t Breathe,,,,1542%,58.3%,41.7%,9.9,2010's,89.0,636.0,"152,697,239",153.0,15.4,2016.0
100935,,Dope,,,,2569%,97.3%,2.7%,0.7,2010's,17.0,5.0,"17,986,470",18.0,25.7,2015.0
100936,,Downton Abbey,,,,1094%,52.0%,48.0%,17.0,2010's,96.0,892.0,"185,922,715",185.9,10.9,2019.0
100937,,Dr Strange,,,,411%,34.3%,65.7%,165.0,2010's,233.0,445.0,"677,796,076",678.0,4.1,2016.0
100938,,Dr Strange: Multiverse of Madness,,,,478%,43.0%,57.0%,200.0,2020's,411.0,544.0,"955,775,804",956.0,4.8,2022.0
100939,,Dragon Ball Super: Broly,,,,1219%,29.6%,70.4%,8.5,2010's,30.0,729.0,"103,627,891",103.6,12.2,2019.0
100940,,Dumbo,,,,208%,32.5%,67.5%,170.0,2010's,115.0,239.0,"353,284,621",353.0,2.1,2019.0
100941,,Dune,,,,244%,27.0%,73.0%,165.0,2020's,108.0,294.0,"401,847,900",402.0,2.4,2021.0
100942,,Dunkirk,,,,527%,36.0%,64.0%,100.0,2010's,190.0,337.0,"527,016,307",527.0,5.3,2017.0
100943,,E.T.,,,,7552%,55.1%,44.9%,10.5,1980's,437.0,356.0,"792,910,554",793.0,75.5,1982.0
100944,,Edge of Tomorrow,,,,208%,27.0%,73.0%,178.0,2010's,100.0,270.0,"370,541,256",371.0,2.1,2014.0
100945,,Empire Strikes Back,,,,1737%,54.4%,45.6%,31.0,1980's,293.0,246.0,"538,375,067",538.0,17.4,1980.0
100946,,Enchanted,,,,401%,37.5%,62.5%,85.0,2000's,128.0,213.0,"340,487,836",340.0,4.0,2007.0
100947,,Escape Room,,,,1705%,37.1%,62.9%,9.0,2010's,56.0,965.0,"153,411,208",153.4,17.0,2019.0
100948,,Eternals,,,,201%,41.0%,59.0%,200.0,2020's,165.0,237.0,"402,064,899",402.0,2.0,2021.0
100949,,F9: The Fast Saga,,,,363%,23.8%,76.2%,200.0,2020's,173.0,553.0,"726,229,501",726.0,3.6,2021.0
100950,,Fantastic Beasts and Where to Find Them,,,,407%,28.8%,71.2%,200.0,2010's,234.0,580.0,"814,044,001",814.0,4.1,2016.0
100951,,Fantastic Beasts: The Crimes of Grindelwald,,,,327%,24.4%,75.6%,200.0,2010's,160.0,495.0,"654,855,901",655.0,3.3,2018.0
100952,,Fantastic Beasts: The Secrets of Dumbledore,,,,203%,23.7%,76.3%,200.0,2020's,96.0,309.0,"405,161,334",405.0,2.0,2022.0
100953,,Fantastic Four,,,,278%,46.4%,53.6%,120.0,2000's,155.0,179.0,"333,535,934",334.0,2.8,2005.0
100954,,Fast & Furious,,,,424%,43.0%,57.0%,85.0,2000's,155.0,205.0,"360,366,870",360.0,4.2,2009.0
100955,,Fast & Furious 6,,,,493%,30.3%,69.7%,160.0,2010's,239.0,550.0,"788,680,968",789.0,4.9,2013.0
100956,,Fast Five,,,,501%,33.5%,66.5%,125.0,2010's,210.0,416.0,"626,137,675",626.0,5.0,2011.0
100957,,Fatal Attraction,,,,2287%,48.9%,51.1%,14.0,1980's,157.0,164.0,"320,145,693",320.0,22.9,1987.0
100958,,Fifty Shades Darker,,,,694%,30.0%,70.0%,55.0,2010's,115.0,267.0,"381,545,846",382.0,6.9,2017.0
100959,,Fifty Shades Freed,,,,676%,27.0%,73.0%,55.0,2010's,100.0,272.0,"371,985,018",372.0,6.8,2018.0
100960,,Fifty Shades of Grey,,,,1424%,29.2%,70.8%,40.0,2010's,166.0,403.0,"569,651,467",570.0,14.2,2015.0
100961,,Finding Dory,,,,514%,47.3%,52.7%,200.0,2010's,486.0,542.0,"1,028,570,942",1029.0,5.1,2016.0
100962,,Finding Nemo,,,,1000%,40.5%,59.5%,94.0,2000's,381.0,560.0,"940,352,645",940.0,10.0,2003.0
100963,,Fireproof,,,,6696%,99.9%,0.1%,0.5,2000's,33.0,0.0,"33,480,000",33.0,67.0,2008.0
100964,,Forrest Gump,,,,1233%,48.7%,51.3%,55.0,1990's,330.0,348.0,"678,226,465",678.0,12.3,1994.0
100965,,Free Guy,,,,265%,36.7%,63.3%,125.0,2020's,122.0,210.0,"331,526,598",332.0,2.7,2021.0
100966,,Frozen,,,,870%,30.7%,69.3%,150.0,2010's,401.0,904.0,"1,304,550,716",1305.0,8.7,2013.0
100967,,Frozen II,,,,967%,32.9%,67.1%,150.0,2010's,477.0,973.0,"1,450,026,933",1450.0,9.7,2019.0
100968,,Furious 7,,,,798%,23.3%,76.7%,190.0,2010's,353.0,1162.0,"1,515,341,399",1515.0,8.0,2015.0
100969,,G.I. Joe: Retaliation,,,,289%,32.6%,67.4%,130.0,2010's,123.0,253.0,"375,740,705",376.0,2.9,2013.0
100970,,Get Out,,,,5652%,69.0%,31.0%,4.5,2010's,175.0,788.0,"254,329,516",254.0,56.5,2017.0
100971,,Ghost,,,,2199%,43.0%,57.0%,23.0,1990's,218.0,288.0,"505,703,557",506.0,22.0,1990.0
100972,,Gladiator,,,,452%,40.3%,59.7%,103.0,2000's,188.0,278.0,"465,380,802",465.0,4.5,2000.0
100973,,Glass,,,,1235%,45.0%,55.0%,20.0,2010's,111.0,1359.0,"246,908,596",246.9,12.3,2019.0
100974,,God's Not Dead,,,,3132%,97.0%,3.0%,2.0,2010's,60.0,19.0,"62,630,732",63.0,31.3,2014.0
100975,,Godzilla,,,,328%,38.2%,61.8%,160.0,2010's,201.0,324.0,"524,976,069",525.0,3.3,2014.0
100976,,Godzilla,,,,253%,36.0%,64.0%,150.0,1990's,136.0,243.0,"379,014,294",379.0,2.5,1998.0
100977,,Godzilla vs. Kong,,,,235%,21.5%,78.5%,200.0,2020's,101.0,369.0,"470,067,014",470.0,2.4,2021.0
100978,,Godzilla: King of the Monsters,,,,227%,28.6%,71.4%,170.0,2010's,111.0,276.0,"386,600,138",387.0,2.3,2019.0
100979,,GoldenEye,,,,587%,30.2%,69.8%,60.0,1990's,106.0,246.0,"352,194,034",352.0,5.9,1995.0
100980,,Gone Girl,,,,605%,45.4%,54.6%,61.0,2010's,168.0,202.0,"369,330,363",369.0,6.1,2014.0
100981,,Grandma,,,,1140%,98.5%,1.5%,0.6,2010's,6.0,1.0,"6,841,296",7.0,11.4,2015.0
100982,,Gravity,,,,723%,37.9%,62.1%,100.0,2010's,274.0,449.0,"723,192,705",723.0,7.2,2013.0
100983,,Grease,,,,6605%,48.0%,52.0%,6.0,1970's,190.0,206.0,"396,271,103",396.0,66.0,1978.0
100984,,Green Book,,,,1399%,26.4%,73.6%,23.0,2010's,85.0,237.0,"321,752,656",322.0,14.0,2018.0
100985,,Guardians of the Galaxy,,,,455%,43.2%,56.8%,170.0,2010's,334.0,440.0,"773,350,147",773.0,4.5,2014.0
100986,,Guardians of the Galaxy Vol. 2,,,,432%,45.1%,54.9%,200.0,2010's,390.0,474.0,"863,756,051",864.0,4.3,2017.0
100987,,Halloween ,,,,2537%,62.8%,37.2%,10.0,2010's,159.0,943.0,"253,679,925",254.0,25.4,2018.0
100988,,Hancock,,,,420%,36.2%,63.8%,150.0,2000's,228.0,401.0,"629,443,428",629.0,4.2,2008.0
100989,,Hannibal,,,,404%,46.9%,53.1%,87.0,2000's,165.0,187.0,"351,692,268",352.0,4.0,2001.0
100990,,Happy Death Day,,,,2341%,49.5%,50.5%,4.8,2010's,55.0,567.0,"112,381,005",112.0,23.4,2017.0
100991,,Happy Feet,,,,384%,51.5%,48.5%,100.0,2000's,198.0,186.0,"384,336,108",384.0,3.8,2006.0
100992,,Harry Potter & the Goblet of Fire,,,,598%,32.4%,67.6%,150.0,2000's,290.0,606.0,"896,815,106",897.0,6.0,2005.0
100993,,Harry Potter & the Order of the Phoenix,,,,628%,31.0%,69.0%,150.0,2000's,292.0,650.0,"942,218,425",942.0,6.3,2007.0
100994,,Harry Potter & the Prisoner of Azkaban,,,,614%,31.4%,68.6%,130.0,2000's,250.0,548.0,"797,660,766",798.0,6.1,2004.0
100995,,Harry Potter & the Sorcerer's Stone,,,,819%,31.2%,68.8%,125.0,2000's,319.0,705.0,"1,023,842,938",1024.0,8.2,2001.0
100996,,Harry Potter and the Chamber of Secrets,,,,903%,29.1%,70.9%,100.0,2000's,263.0,640.0,"902,746,596",903.0,9.0,2002.0
100997,,Harry Potter and the Deathly Hallows: Part 1,,,,782%,30.3%,69.7%,125.0,2010's,296.0,681.0,"977,070,383",977.0,7.8,2010.0
100998,,Harry Potter and the Deathly Hallows: Part 2,,,,1074%,28.4%,71.6%,125.0,2010's,381.0,961.0,"1,342,359,942",1342.0,10.7,2011.0
100999,,Harry Potter and the Half-Blood Prince,,,,374%,32.4%,67.6%,250.0,2000's,302.0,632.0,"934,483,039",934.0,3.7,2009.0
101000,,"Hello, My Name is Doris",,,,2896%,99.3%,0.7%,1.0,2010's,28.0,2.0,"28,962,889",29.0,29.0,2016.0
101001,,High School Musical 3,,,,2299%,35.8%,64.2%,11.0,2000's,90.0,1624.0,"252,910,000",253.0,23.0,2008.0
101002,,Hitch,,,,531%,48.3%,51.7%,70.0,2000's,179.0,192.0,"371,594,210",372.0,5.3,2005.0
101003,,Hobbs & Shaw,,,,380%,22.9%,77.1%,200.0,2010's,174.0,587.0,"760,732,926",761.0,3.8,2019.0
101004,,Home,,,,286%,46.0%,54.0%,135.0,2010's,177.0,209.0,"386,041,607",386.0,2.9,2015.0
101005,,Home Alone,,,,2648%,60.0%,40.0%,18.0,1990's,286.0,191.0,"476,684,675",477.0,26.5,1990.0
101006,,Home Alone 2,,,,1282%,48.4%,51.6%,28.0,1990's,174.0,185.0,"358,994,850",359.0,12.8,1992.0
101007,,Hotel Transylvania,,,,422%,41.4%,58.6%,85.0,2010's,148.0,210.0,"358,375,603",358.0,4.2,2012.0
101008,,Hotel Transylvania 2,,,,594%,35.7%,64.3%,80.0,2010's,170.0,305.0,"475,186,706",475.0,5.9,2015.0
101009,,Hotel Transylvania 3: Summer Vacation,,,,661%,31.7%,68.3%,80.0,2010's,168.0,361.0,"528,583,774",529.0,6.6,2018.0
101010,,How the Grinch Stole Christmas,,,,281%,75.4%,24.6%,123.0,2000's,261.0,85.0,"345,823,032",346.0,2.8,2000.0
101011,,How to Train Your Dragon,,,,300%,44.0%,56.0%,165.0,2010's,218.0,277.0,"494,879,471",495.0,3.0,2010.0
101012,,How to Train Your Dragon 2,,,,429%,28.5%,71.5%,145.0,2010's,177.0,445.0,"621,537,519",622.0,4.3,2014.0
101013,,How to Train Your Dragon: The Hidden World,,,,407%,30.7%,69.3%,129.0,2010's,161.0,364.0,"524,580,592",525.0,4.1,2019.0
101014,,I Am Legend,,,,390%,43.8%,56.2%,150.0,2000's,256.0,329.0,"585,410,052",585.0,3.9,2007.0
101015,,I Can Only Imagine,,,,1193%,100.0%,0.0%,7.0,2010's,83.0,0.0,"83,482,352",83.0,11.9,2018.0
101016,,"I, Robot",,,,294%,41.0%,59.0%,120.0,2000's,145.0,208.0,"353,133,898",353.0,2.9,2004.0
101017,,Ice Age,,,,639%,46.0%,54.0%,60.0,2000's,176.0,207.0,"383,257,136",383.0,6.4,2002.0
101018,,Ice Age: Collision Course,,,,389%,15.7%,84.3%,105.0,2010's,64.0,345.0,"408,754,975",409.0,3.9,2016.0
101019,,Ice Age: Continental Drift,,,,923%,18.4%,81.6%,95.0,2010's,161.0,716.0,"877,244,782",877.0,9.2,2012.0
101020,,Ice Age: Dawn of the Dinosaurs,,,,985%,22.2%,77.8%,90.0,2000's,197.0,690.0,"886,686,817",887.0,9.9,2009.0
101021,,Ice Age: The Meltdown,,,,834%,29.3%,70.7%,80.0,2000's,195.0,472.0,"667,094,506",667.0,8.3,2006.0
101022,,Inception,,,,523%,35.0%,65.0%,160.0,2010's,293.0,544.0,"836,848,102",837.0,5.2,2010.0
101023,,Incredibles 2,,,,622%,49.0%,51.0%,200.0,2010's,609.0,635.0,"1,243,089,244",1243.0,6.2,2018.0
101024,,Independence Day,,,,1090%,37.5%,62.5%,75.0,1990's,306.0,511.0,"817,400,891",817.0,10.9,1996.0
101025,,Independence Day: Resurgence,,,,236%,26.5%,73.5%,165.0,2010's,103.0,287.0,"389,681,935",390.0,2.4,2016.0
101026,,Indiana Jones & the Last Crusade,,,,988%,41.6%,58.4%,48.0,1980's,197.0,277.0,"474,171,806",474.0,9.9,1989.0
101027,,Indiana Jones and the Kingdom of the Crystal Skull,,,,427%,40.1%,59.9%,185.0,2000's,317.0,474.0,"790,653,942",791.0,4.3,2008.0
101028,,Indiana Jones and the Temple of Doom,,,,1190%,54.0%,46.0%,28.0,1980's,180.0,153.0,"333,107,271",333.0,11.9,1984.0
101029,,Inglourious Basterds,,,,459%,37.5%,62.5%,70.0,2000's,121.0,201.0,"321,457,747",321.0,4.6,2009.0
101030,,Inside Out,,,,491%,41.6%,58.4%,175.0,2010's,357.0,502.0,"858,848,019",859.0,4.9,2015.0
101031,,Insidious,,,,4485%,80.3%,19.7%,1.5,2010's,54.0,133.0,"67,280,000",67.0,44.9,2011.0
101032,,Insidious: Chpt 3,,,,1095%,47.7%,52.3%,10.0,2010's,52.0,573.0,"109,518,558",110.0,11.0,2015.0
101033,,Insidious: The Last Key,,,,1677%,40.2%,59.8%,10.0,2010's,67.0,1004.0,"167,700,948",168.0,16.8,2018.0
101034,,Insidious Chpt 2,,,,3238%,51.6%,48.4%,5.0,2010's,83.0,783.0,"161,919,318",162.0,32.4,2013.0
101035,,Instructions Not Included,,,,1801%,44.9%,55.1%,5.5,2010's,44.0,546.0,"99,067,206",99.0,18.0,2013.0
101036,,Interstellar,,,,469%,24.3%,75.7%,165.0,2010's,188.0,586.0,"773,897,851",774.0,4.7,2014.0
101037,,Iron Man,,,,418%,54.5%,45.5%,140.0,2000's,319.0,267.0,"585,796,247",586.0,4.2,2008.0
101038,,Iron Man 2,,,,312%,50.1%,49.9%,200.0,2010's,312.0,312.0,"623,933,331",624.0,3.1,2010.0
101039,,Iron Man 3,,,,607%,33.7%,66.3%,200.0,2010's,409.0,806.0,"1,214,811,252",1215.0,6.1,2013.0
101040,,It,,,,1755%,46.9%,53.1%,40.0,2010's,329.0,373.0,"701,842,551",702.0,17.5,2017.0
101041,,It Chapter Two,,,,599%,44.7%,55.3%,79.0,2010's,212.0,262.0,"473,122,525",473.0,6.0,2019.0
101042,,Jason Bourne,,,,346%,39.1%,60.9%,120.0,2010's,162.0,253.0,"415,484,914",415.0,3.5,2016.0
101043,,Jaws,,,,5295%,55.8%,44.2%,9.0,1970's,266.0,211.0,"476,512,065",477.0,52.9,1975.0
101044,,Jigsaw,,,,1010%,37.5%,62.5%,10.0,2010's,37.0,631.0,"101,020,014",101.0,10.1,2017.0
101045,,John Wick: Chapter 3 - Parabellum,,,,438%,52.1%,47.9%,75.0,2010's,171.0,157.0,"328,349,387",328.0,4.4,2019.0
101046,,Joker,,,,1578%,30.4%,69.6%,70.0,2010's,335.0,769.0,"1,104,943,613",1105.0,15.8,2019.0
101047,,Journey 2: The Mysterious Island,,,,419%,31.0%,69.0%,80.0,2010's,104.0,231.0,"335,287,748",335.0,4.2,2012.0
101048,,Jumanji: The Next Level,,,,607%,40.0%,60.0%,132.0,2010's,320.0,481.0,"801,693,929",802.0,6.1,2019.0
101049,,Jumanji: Welcome to the Jungle,,,,1069%,42.0%,58.0%,90.0,2010's,405.0,558.0,"962,542,945",963.0,10.7,2017.0
101050,,Juno,,,,3082%,62.1%,37.9%,7.5,2000's,143.0,877.0,"231,184,173",231.0,30.8,2007.0
101051,,Jurassic Park,,,,1762%,36.4%,63.6%,63.0,1990's,404.0,706.0,"1,109,802,321",1110.0,17.6,1993.0
101052,,Jurassic Park III,,,,397%,49.1%,50.9%,93.0,2000's,181.0,188.0,"368,780,809",369.0,4.0,2001.0
101053,,Jurassic World,,,,1114%,39.1%,60.9%,150.0,2010's,653.0,1018.0,"1,671,537,444",1672.0,11.1,2015.0
101054,,Jurassic World: Dominion,,,,541%,37.6%,62.4%,185.0,2020's,376.0,625.0,"1,001,136,080",1001.0,5.4,2022.0
101055,,Jurassic World: Fallen Kingdom,,,,701%,31.9%,68.1%,187.0,2010's,418.0,893.0,"1,310,466,296",1310.0,7.0,2018.0
101056,,Justice League,,,,219%,34.8%,65.2%,300.0,2010's,229.0,429.0,"657,926,987",658.0,2.2,2017.0
101057,,King Kong,,,,269%,39.2%,60.8%,207.0,2000's,218.0,339.0,"556,906,378",557.0,2.7,2005.0
101058,,Kingsman: The Golden Circle,,,,395%,24.4%,75.6%,104.0,2010's,100.0,311.0,"410,902,662",411.0,4.0,2017.0
101059,,Kingsman: The Secret Service,,,,441%,31.0%,69.0%,94.0,2010's,128.0,286.0,"414,351,546",414.0,4.4,2015.0
101060,,Knives Out,,,,782%,52.8%,47.2%,40.0,2010's,165.0,148.0,"312,897,920",313.0,7.8,2019.0
101061,,Kong: Skull Island,,,,306%,29.7%,70.3%,185.0,2010's,168.0,399.0,"566,652,812",567.0,3.1,2017.0
101062,,Kung Fu Panda,,,,486%,34.1%,65.9%,130.0,2000's,216.0,416.0,"632,083,197",632.0,4.9,2008.0
101063,,Kung Fu Panda 2,,,,444%,24.8%,75.2%,150.0,2010's,165.0,500.0,"665,692,281",666.0,4.4,2011.0
101064,,Kung Fu Panda 3,,,,359%,27.5%,72.5%,145.0,2010's,144.0,378.0,"521,170,825",521.0,3.6,2016.0
101065,,La La Land,,,,1571%,32.1%,67.9%,30.0,2010's,151.0,320.0,"471,226,899",471.0,15.7,2016.0
101066,,Les Misérables,,,,725%,33.6%,66.4%,61.0,2010's,149.0,293.0,"442,299,309",442.0,7.3,2012.0
101067,,Lethal Weapon 3,,,,919%,45.0%,55.0%,35.0,1990's,145.0,177.0,"321,731,527",322.0,9.2,1992.0
101068,,Life of Pi,,,,508%,20.5%,79.5%,120.0,2010's,125.0,484.0,"609,016,565",609.0,5.1,2012.0
101069,,Lights Out,,,,3036%,45.2%,54.8%,4.9,2010's,67.0,815.0,"148,768,835",149.0,30.4,2016.0
101070,,Lion,,,,1242%,4.8%,95.0%,12.0,2010's,7.0,1416.0,"148,768,835",149.0,12.4,2016.0
101071,,Little Fockers,,,,311%,47.8%,52.2%,100.0,2010's,148.0,162.0,"310,650,585",311.0,3.1,2010.0
101072,,Live Free or Die Hard,,,,353%,34.7%,65.3%,110.0,2000's,135.0,254.0,"388,156,011",388.0,3.5,2007.0
101073,,Logan,,,,516%,36.5%,63.5%,120.0,2010's,226.0,393.0,"619,179,950",619.0,5.2,2017.0
101074,,LOTR: The Fellowship of the Ring,,,,966%,35.2%,64.8%,93.0,2000's,316.0,582.0,"898,182,036",898.0,9.7,2001.0
101075,,LOTR: The Return of the King,,,,1220%,33.0%,67.0%,94.0,2000's,378.0,768.0,"1,146,436,214",1146.0,12.2,2003.0
101076,,LOTR: Two Towers,,,,1008%,36.2%,63.8%,94.0,2000's,343.0,605.0,"947,939,315",948.0,10.1,2002.0
101077,,Lucy,,,,1203%,27.0%,73.0%,39.0,2010's,127.0,342.0,"469,058,574",469.0,12.0,2014.0
101078,,Mad Max: Fury Road,,,,211%,39.6%,60.4%,185.0,2010's,154.0,235.0,"389,561,515",390.0,2.1,2015.0
101079,,Madagascar,,,,723%,35.7%,64.3%,75.0,2000's,194.0,348.0,"542,063,846",542.0,7.2,2005.0
101080,,Madagascar 3: Europe's Most Wanted,,,,515%,29.0%,71.0%,145.0,2010's,216.0,531.0,"746,921,274",747.0,5.2,2012.0
101081,,Madagascar: Escape 2 Africa,,,,403%,29.8%,70.2%,150.0,2000's,180.0,424.0,"603,900,354",604.0,4.0,2008.0
101082,,Magic Mike,,,,2389%,68.0%,32.0%,7.0,2010's,113.0,535.0,"167,221,571",167.0,23.9,2012.0
101083,,Maleficent,,,,421%,31.8%,68.2%,180.0,2010's,241.0,517.0,"758,411,779",758.0,4.2,2014.0
101084,,Maleficent: Mistress of Evil,,,,266%,23.2%,76.8%,185.0,2010's,114.0,378.0,"491,730,089",492.0,2.7,2019.0
101085,,Mamma Mia!,,,,1175%,23.6%,76.4%,52.0,2000's,144.0,467.0,"611,257,819",611.0,11.8,2008.0
101086,,Mamma Mia! Here We Go Again,,,,536%,30.0%,70.0%,75.0,2010's,121.0,282.0,"402,264,843",402.0,5.4,2018.0
101087,,Man of Steel,,,,297%,43.6%,56.4%,225.0,2010's,291.0,377.0,"668,045,518",668.0,3.0,2013.0
101088,,Mary Poppins Returns,,,,269%,49.2%,50.8%,130.0,2010's,172.0,178.0,"349,546,142",350.0,2.7,2018.0
101089,,Maze Runner: The Scorch Trials,,,,512%,26.2%,73.8%,61.0,2010's,82.0,231.0,"312,296,056",312.0,5.1,2015.0
101090,,Me Before You,,,,1039%,27.1%,72.9%,20.0,2010's,56.0,1516.0,"207,845,075",208.0,10.4,2016.0
101091,,Meet the Fockers,,,,653%,53.4%,46.6%,80.0,2000's,279.0,243.0,"522,657,936",523.0,6.5,2004.0
101092,,Meet the Parents,,,,601%,50.3%,49.7%,55.0,2000's,166.0,164.0,"330,444,045",330.0,6.0,2000.0
101093,,Megamind,,,,248%,46.1%,53.9%,130.0,2010's,148.0,173.0,"321,885,765",322.0,2.5,2010.0
101094,,Men in Black,,,,655%,42.5%,57.5%,90.0,1990's,251.0,339.0,"589,390,539",589.0,6.5,1997.0
101095,,Men in Black 3,,,,291%,27.4%,72.6%,225.0,2010's,179.0,475.0,"654,213,485",654.0,2.9,2012.0
101096,,Men in Black II,,,,318%,43.5%,56.5%,140.0,2000's,194.0,251.0,"445,135,288",445.0,3.2,2002.0
101097,,Minions,,,,1567%,29.0%,71.0%,74.0,2010's,336.0,823.0,"1,159,444,662",1159.0,15.7,2015.0
101098,,Minions: The Rise of Gru,,,,1174%,39.3%,60.7%,80.0,2020's,370.0,570.0,"939,220,210",939.0,11.7,2022.0
101099,,Minority Report,,,,351%,36.8%,63.2%,102.0,2000's,132.0,226.0,"358,372,926",358.0,3.5,2002.0
101100,,Mission: Impossible,,,,572%,39.5%,60.5%,80.0,1990's,181.0,277.0,"457,696,391",458.0,5.7,1996.0
101101,,Mission: Impossible - Fallout,,,,445%,27.8%,72.2%,178.0,2010's,220.0,571.0,"791,657,398",792.0,4.4,2018.0
101102,,Mission: Impossible - Ghost Protocol,,,,479%,30.1%,69.9%,145.0,2010's,209.0,485.0,"694,713,380",695.0,4.8,2011.0
101103,,Mission: Impossible - Rogue Nation,,,,455%,28.6%,71.4%,150.0,2010's,195.0,488.0,"682,716,636",683.0,4.6,2015.0
101104,,Mission: Impossible II,,,,437%,39.4%,60.6%,125.0,2000's,215.0,331.0,"546,388,108",546.0,4.4,2000.0
101105,,Mission: Impossible III,,,,266%,33.6%,66.4%,150.0,2000's,134.0,264.0,"398,479,497",398.0,2.7,2006.0
101106,,Moana,,,,377%,37.7%,62.3%,175.0,2010's,249.0,412.0,"660,349,731",660.0,3.8,2016.0
101107,,Mockingjay - Part 1,,,,604%,44.6%,55.4%,125.0,2010's,337.0,418.0,"755,356,711",755.0,6.0,2014.0
101108,,Mockingjay - Part 2,,,,408%,43.1%,56.9%,160.0,2010's,282.0,372.0,"653,428,261",653.0,4.1,2015.0
101109,,Monsters University,,,,372%,36.1%,63.9%,200.0,2010's,268.0,475.0,"743,559,645",744.0,3.7,2013.0
101110,,Monsters vs. Aliens,,,,224%,52.0%,48.0%,170.0,2000's,198.0,183.0,"381,509,870",382.0,2.2,2009.0
101111,,"Monsters, Inc.",,,,504%,50.1%,49.9%,115.0,2000's,291.0,289.0,"579,707,738",580.0,5.0,2001.0
101112,,Mr. & Mrs. Smith,,,,443%,38.2%,61.8%,110.0,2000's,186.0,301.0,"487,287,646",487.0,4.4,2005.0
101113,,Mrs. Doubtfire,,,,1765%,49.7%,50.3%,25.0,1990's,219.0,222.0,"441,286,195",441.0,17.7,1993.0
101114,,Murder on the Orient Express,,,,641%,29.2%,70.8%,55.0,2010's,103.0,250.0,"352,794,081",353.0,6.4,2017.0
101115,,My Big Fat Greek Wedding,,,,7375%,65.5%,34.5%,5.0,2000's,241.0,127.0,"368,744,044",369.0,73.7,2002.0
101116,,National Treasure,,,,348%,49.8%,50.2%,100.0,2000's,173.0,175.0,"347,512,318",348.0,3.5,2004.0
101117,,National Treasure: Book of Secrets,,,,353%,47.9%,52.1%,130.0,2000's,220.0,239.0,"459,242,249",459.0,3.5,2007.0
101118,,Neighbors,,,,1490%,56.0%,44.0%,18.0,2010's,150.0,1180.0,"268,157,400",268.0,14.9,2014.0
101119,,Night at the Museum,,,,522%,43.7%,56.3%,110.0,2000's,251.0,324.0,"574,481,229",574.0,5.2,2006.0
101120,,Night at the Museum: Battle of the Smithsonian,,,,275%,42.9%,57.1%,150.0,2000's,177.0,236.0,"413,106,170",413.0,2.8,2009.0
101121,,Night at the Museum: Secret of the Tomb,,,,286%,31.3%,68.7%,127.0,2010's,114.0,249.0,"363,204,635",363.0,2.9,2014.0
101122,,No Escape,,,,12074%,50.1%,49.9%,0.45,2010's,27.0,271.0,"54,333,371",54.0,120.7,2015.0
101123,,No Time to Die,,,,310%,20.8%,79.2%,250.0,2020's,161.0,613.0,"774,153,007",774.0,3.1,2021.0
101124,,Noah,,,,287%,28.2%,71.8%,125.0,2010's,101.0,258.0,"359,200,044",359.0,2.9,2014.0
101125,,Notting Hill,,,,866%,31.9%,68.1%,42.0,1990's,116.0,248.0,"363,889,678",364.0,8.7,1999.0
101126,,Now You See Me,,,,469%,33.5%,66.5%,75.0,2010's,118.0,234.0,"351,723,989",352.0,4.7,2013.0
101127,,Now You See Me 2,,,,279%,19.4%,80.6%,120.0,2010's,65.0,270.0,"334,897,606",335.0,2.8,2016.0
101128,,Ocean's Eleven,,,,530%,40.7%,59.3%,85.0,2000's,183.0,267.0,"450,717,150",451.0,5.3,2001.0
101129,,Ocean's Thirteen,,,,366%,37.6%,62.4%,85.0,2000's,117.0,194.0,"311,312,624",311.0,3.7,2007.0
101130,,Ocean's Twelve,,,,330%,34.6%,65.4%,110.0,2000's,126.0,237.0,"362,744,280",363.0,3.3,2004.0
101131,,Once Upon a Time in Hollywood,,,,393%,37.7%,62.3%,96.0,2010's,143.0,235.0,"377,617,598",378.0,3.9,2019.0
101132,,Ouija,,,,2051%,49.6%,50.4%,5.0,2010's,50.0,517.0,"102,529,779",103.0,20.5,2014.0
101133,,Over the Hedge,,,,425%,45.6%,54.4%,80.0,2000's,155.0,185.0,"339,795,890",340.0,4.2,2006.0
101134,,Oz the Great and Powerful,,,,247%,47.6%,52.4%,200.0,2010's,235.0,258.0,"493,311,825",493.0,2.5,2013.0
101135,,Pacific Rim,,,,206%,24.8%,75.2%,200.0,2010's,102.0,309.0,"411,002,906",411.0,2.1,2013.0
101136,,Paranormal Activity ,,,,1293333%,55.6%,44.0%,0.015,2000's,107.0,854.0,"193,360,000",194.0,12933.3,2009.0
101137,,Paranormal Activity 2,,,,5900%,47.9%,52.4%,3.0,2010's,84.0,928.0,"177,510,000",177.0,59.0,2010.0
101138,,Paranormal Activity 3,,,,4140%,50.3%,25.4%,5.0,2010's,104.0,526.0,"156,600,000",207.0,41.4,2011.0
101139,,Paranormal Activity 4,,,,2857%,38.0%,62.6%,5.0,2010's,53.0,889.0,"142,838,957",142.0,28.6,2012.0
101140,,Paranormal Activity: The Marked Ones,,,,1818%,35.7%,64.3%,5.0,2010's,32.0,584.0,"90,904,854",91.0,18.2,2014.0
101141,,Parasite,,,,1066%,15.6%,84.4%,11.0,2010's,18.0,990.0,"117,305,012",117.3,10.7,2019.0
101142,,Pearl Harbor,,,,321%,44.2%,55.8%,140.0,2000's,199.0,251.0,"449,220,945",449.0,3.2,2001.0
101143,,Penguins of Madagascar,,,,283%,22.4%,77.6%,132.0,2010's,84.0,290.0,"373,515,621",374.0,2.8,2014.0
101144,,Peter Rabbit,,,,703%,32.8%,67.2%,50.0,2010's,115.0,236.0,"351,496,066",351.0,7.0,2018.0
101145,,Pirates of the Caribbean: At World's End,,,,320%,32.2%,67.8%,300.0,2000's,309.0,652.0,"960,996,492",961.0,3.2,2007.0
101146,,Pirates of the Caribbean: Dead Man's Chest,,,,474%,39.7%,60.3%,225.0,2000's,423.0,643.0,"1,066,179,747",1066.0,4.7,2006.0
101147,,Pirates of the Caribbean: Dead Men Tell No Tales,,,,346%,21.7%,78.3%,230.0,2010's,173.0,622.0,"794,881,442",795.0,3.5,2017.0
101148,,Pirates of the Caribbean: On Stranger Tides,,,,276%,23.0%,77.0%,379.0,2010's,241.0,805.0,"1,045,713,802",1046.0,2.8,2011.0
101149,,Pirates of the Caribbean: The Curse of the Black Pearl,,,,467%,46.7%,53.3%,140.0,2000's,305.0,349.0,"654,264,015",654.0,4.7,2003.0
101150,,Planet of the Apes,,,,362%,49.7%,50.3%,100.0,2000's,180.0,182.0,"362,211,740",362.0,3.6,2001.0
101151,,Pocahontas,,,,629%,40.9%,59.1%,55.0,1990's,142.0,205.0,"346,079,773",346.0,6.3,1995.0
101152,,Pokémon Detective Pikachu,,,,289%,33.3%,66.7%,150.0,2010's,144.0,289.0,"433,230,304",433.0,2.9,2019.0
101153,,Pretty Woman,,,,3310%,38.5%,61.5%,14.0,1990's,178.0,285.0,"463,406,268",463.0,33.1,1990.0
101154,,Prince Caspian,,,,187%,33.8%,66.2%,225.0,2000's,142.0,278.0,"419,665,568",420.0,1.9,2008.0
101155,,Prince of Persia: The Sands of Time,,,,182%,27.0%,73.0%,185.0,2000's,91.0,246.0,"336,365,676",336.0,1.8,2009.0
101156,,Prometheus,,,,310%,31.4%,68.6%,130.0,2010's,126.0,277.0,"403,354,469",403.0,3.1,2012.0
101157,,Puss in Boots,,,,427%,26.9%,73.1%,130.0,2010's,149.0,406.0,"554,987,477",555.0,4.3,2011.0
101158,,Quantum of Solace,,,,268%,28.6%,71.4%,220.0,2000's,168.0,421.0,"589,580,482",590.0,2.7,2008.0
101159,,Raiders of the Lost Ark,,,,1950%,63.6%,36.4%,20.0,1980's,248.0,142.0,"389,925,971",390.0,19.5,1981.0
101160,,Rain Man,,,,1419%,48.7%,51.3%,25.0,1980's,173.0,182.0,"354,825,435",355.0,14.2,1988.0
101161,,Ralph Breaks the Internet,,,,302%,38.0%,62.0%,175.0,2010's,201.0,328.0,"529,323,962",529.0,3.0,2018.0
101162,,Rampage,,,,357%,23.6%,76.4%,120.0,2010's,101.0,327.0,"428,028,233",428.0,3.6,2018.0
101163,,Ransom,,,,442%,44.1%,55.9%,70.0,1990's,136.0,173.0,"309,492,681",309.0,4.4,1996.0
101164,,Ratatouille,,,,416%,33.1%,66.9%,150.0,2000's,206.0,417.0,"623,726,085",624.0,4.2,2007.0
101165,,Resident Evil: The Final Chapter,,,,781%,8.6%,91.4%,40.0,2010's,27.0,285.0,"312,242,626",312.0,7.8,2016.0
101166,,Return of the Jedi,,,,1105%,65.1%,34.9%,43.0,1980's,309.0,166.0,"475,106,177",475.0,11.0,1983.0
101167,,Revenge of the Sith,,,,768%,43.8%,56.2%,113.0,2000's,380.0,488.0,"868,390,560",868.0,7.7,2005.0
101168,,Rio,,,,538%,29.7%,70.3%,90.0,2010's,144.0,340.0,"483,866,518",484.0,5.4,2011.0
101169,,Rio 2,,,,384%,26.4%,73.6%,130.0,2010's,132.0,367.0,"498,781,117",499.0,3.8,2014.0
101170,,Rise of the Planet of the Apes,,,,518%,36.7%,63.3%,93.0,2010's,177.0,305.0,"481,800,873",482.0,5.2,2011.0
101171,,Robin Hood,,,,162%,32.7%,67.3%,198.0,2010's,105.0,216.0,"321,669,741",322.0,1.6,2010.0
101172,,Robin Hood: Prince of Thieves,,,,814%,42.4%,57.6%,48.0,1990's,165.0,225.0,"390,493,908",390.0,8.1,1991.0
101173,,Rogue One,,,,385%,50.4%,49.6%,275.0,2010's,534.0,525.0,"1,058,682,142",1059.0,3.8,2016.0
101174,,Rush Hour 2,,,,386%,65.1%,34.9%,90.0,2000's,226.0,121.0,"347,325,802",347.0,3.9,2001.0
101175,,San Andreas,,,,431%,32.7%,67.3%,110.0,2010's,155.0,319.0,"474,009,154",474.0,4.3,2015.0
101176,,Saving Private Ryan,,,,689%,45.0%,55.0%,70.0,1990's,217.0,265.0,"482,349,603",482.0,6.9,1998.0
101177,,Saw IV,,,,1394%,45.4%,54.6%,10.0,2000's,63.0,761.0,"139,352,633",139.0,13.9,2007.0
101178,,Saw V,,,,1054%,49.8%,50.2%,10.8,2000's,56.0,571.0,"113,870,000",114.0,10.5,2008.0
101179,,Schindler's List,,,,1464%,30.1%,69.9%,22.0,1990's,97.0,225.0,"322,161,245",322.0,14.6,1993.0
101180,,Se7en,,,,1091%,30.6%,69.4%,30.0,1990's,100.0,227.0,"327,333,559",327.0,10.9,1995.0
101181,,Searching,,,,7538%,34.5%,65.5%,1.0,2010's,26.0,494.0,"75,383,741",75.0,75.4,2018.0
101182,,Semi-Pro,,,,1688%,76.3%,23.7%,2.6,2000's,33.0,104.0,"43,890,000",44.0,16.9,2008.0
101183,,Sex and the City,,,,644%,36.4%,63.6%,65.0,2000's,153.0,266.0,"418,765,519",419.0,6.4,2008.0
101184,,Shang-Chi,,,,288%,52.0%,48.0%,150.0,2020's,225.0,208.0,"432,243,292",432.0,2.9,2021.0
101185,,Shark Tale,,,,499%,42.9%,57.1%,75.0,2000's,161.0,214.0,"374,583,879",375.0,5.0,2004.0
101186,,Shazam!,,,,366%,38.4%,61.6%,100.0,2010's,140.0,226.0,"366,080,049",366.0,3.7,2019.0
101187,,Sherlock Holmes,,,,582%,39.9%,60.1%,90.0,2000's,209.0,315.0,"524,028,679",524.0,5.8,2009.0
101188,,Sherlock Holmes: A Game of Shadows,,,,435%,34.4%,65.6%,125.0,2010's,187.0,357.0,"543,848,418",544.0,4.4,2011.0
101189,,Shrek,,,,814%,54.9%,45.1%,60.0,2000's,268.0,220.0,"488,351,320",488.0,8.1,2001.0
101190,,Shrek 2,,,,619%,47.5%,52.5%,150.0,2000's,441.0,488.0,"928,760,770",929.0,6.2,2004.0
101191,,Shrek Forever After,,,,456%,31.7%,68.3%,165.0,2010's,239.0,514.0,"752,600,867",753.0,4.6,2010.0
101192,,Shrek the Third,,,,508%,39.7%,60.3%,160.0,2000's,323.0,491.0,"813,367,380",813.0,5.1,2007.0
101193,,Signs,,,,567%,55.8%,44.2%,72.0,2000's,228.0,180.0,"408,247,917",408.0,5.7,2002.0
101194,,Silver Linings Playbook,,,,1126%,55.9%,44.1%,21.0,2010's,132.0,1043.0,"236,412,453",236.0,11.3,2012.0
101195,,Sing,,,,846%,42.7%,57.3%,75.0,2010's,271.0,364.0,"634,338,384",634.0,8.5,2016.0
101196,,Sing 2,,,,479%,40.0%,60.0%,85.0,2020's,163.0,245.0,"407,452,213",407.0,4.8,2021.0
101197,,Sinister,,,,2590%,61.9%,38.1%,3.0,2010's,48.0,296.0,"77,712,439",78.0,25.9,2012.0
101198,,Skyfall,,,,554%,27.5%,72.5%,200.0,2010's,304.0,804.0,"1,108,569,499",1109.0,5.5,2012.0
101199,,Sleight,,,,1572%,100.0%,0.0%,0.25,2010's,3.0,0.0,"3,930,990",4.0,15.7,2017.0
101200,,Slumdog Millionaire,,,,2523%,37.4%,62.6%,15.0,2000's,141.0,237.0,"378,410,542",378.0,25.2,2008.0
101201,,Snow White and the Huntsman,,,,233%,39.2%,60.8%,170.0,2010's,155.0,241.0,"396,592,829",397.0,2.3,2012.0
101202,,Solo: A Star Wars Story,,,,131%,54.4%,45.6%,300.0,2010's,214.0,179.0,"392,924,807",393.0,1.3,2018.0
101203,,Sonic the Hedgehog,,,,355%,46.6%,53.4%,90.0,2020's,149.0,171.0,"319,715,683",320.0,3.6,2020.0
101204,,Sonic the Hedgehog 2,,,,366%,47.4%,52.6%,110.0,2020's,191.0,212.0,"402,656,846",403.0,3.7,2022.0
101205,,Spectre,,,,294%,22.7%,77.3%,300.0,2010's,200.0,681.0,"880,705,312",881.0,2.9,2015.0
101206,,Speed,,,,947%,34.6%,65.4%,37.0,1990's,121.0,229.0,"350,448,145",350.0,9.5,1994.0
101207,,Spider-Man,,,,594%,49.3%,50.7%,139.0,2000's,407.0,418.0,"825,025,036",825.0,5.9,2002.0
101208,,Spider-Man 2,,,,394%,47.4%,52.6%,200.0,2000's,374.0,415.0,"788,976,453",789.0,3.9,2004.0
101209,,Spider-Man 3,,,,358%,37.6%,62.4%,250.0,2000's,337.0,558.0,"894,983,373",895.0,3.6,2007.0
101210,,Spider-Man: Far from Home,,,,707%,34.5%,65.5%,160.0,2010's,391.0,741.0,"1,131,927,996",1132.0,7.1,2019.0
101211,,Spider-Man: Homecoming,,,,503%,38.0%,62.0%,175.0,2010's,334.0,546.0,"880,166,924",880.0,5.0,2017.0
101212,,Spider-Man: Into the Spider-Verse,,,,427%,49.5%,50.5%,90.0,2010's,190.0,194.0,"384,256,930",384.0,4.3,2018.0
101213,,Spider-Man: No Way Home,,,,986%,41.3%,58.7%,200.0,2020's,814.0,1157.0,"1,971,439,845",1971.0,9.9,2021.0
101214,,Spirited Away,,,,1872%,3.9%,96.1%,19.0,2000's,14.0,342.0,"355,725,195",356.0,18.7,2001.0
101215,,Split,,,,3092%,49.6%,50.4%,9.0,2010's,138.0,1402.0,"278,304,578",278.0,30.9,2017.0
101216,,Star Trek,,,,257%,66.8%,33.2%,150.0,2000's,258.0,128.0,"385,680,446",386.0,2.6,2009.0
101217,,Star Trek Beyond,,,,186%,46.2%,53.8%,185.0,2010's,159.0,185.0,"343,471,816",343.0,1.9,2016.0
101218,,Star Trek Into Darkness,,,,246%,49.0%,51.0%,190.0,2010's,229.0,239.0,"467,365,246",467.0,2.5,2013.0
101219,,Star Wars,,,,7049%,59.4%,40.6%,11.0,1970's,461.0,314.0,"775,398,007",775.0,70.5,1977.0
101220,,Suicide Squad,,,,404%,43.5%,56.5%,185.0,2010's,325.0,422.0,"746,846,894",747.0,4.0,2016.0
101221,,Superman Returns,,,,175%,51.2%,48.8%,223.0,2000's,200.0,191.0,"391,081,192",391.0,1.8,2006.0
101222,,Taken 2,,,,836%,37.2%,62.8%,45.0,2010's,140.0,236.0,"376,152,455",376.0,8.4,2012.0
101223,,Taken 3,,,,680%,27.3%,72.7%,48.0,2010's,89.0,237.0,"326,479,141",326.0,6.8,2015.0
101224,,Tangled,,,,228%,33.9%,66.1%,260.0,2010's,201.0,392.0,"592,462,816",592.0,2.3,2010.0
101225,,Tarzan,,,,345%,38.2%,61.8%,130.0,1990's,171.0,277.0,"448,191,819",448.0,3.4,1999.0
101226,,Ted,,,,845%,39.8%,60.2%,65.0,2010's,219.0,331.0,"549,368,315",549.0,8.5,2012.0
101227,,Teenage Mutant Ninja Turtles,,,,323%,39.4%,60.6%,150.0,2010's,191.0,294.0,"485,004,754",485.0,3.2,2014.0
101228,,Tenet,,,,183%,16.0%,84.0%,200.0,2020's,59.0,307.0,"365,294,355",365.0,1.8,2020.0
101229,,Terminator 2,,,,521%,39.5%,60.5%,100.0,1990's,206.0,315.0,"520,881,154",521.0,5.2,1991.0
101230,,Terminator 3,,,,232%,34.7%,65.3%,187.0,2000's,150.0,283.0,"433,371,112",433.0,2.3,2003.0
101231,,Terminator Genisys,,,,284%,20.4%,79.6%,155.0,2010's,90.0,351.0,"440,603,537",441.0,2.8,2015.0
101232,,Terminator Salvation,,,,186%,33.8%,66.2%,200.0,2000's,125.0,246.0,"371,353,001",371.0,1.9,2009.0
101233,,The Adventures of Tintin,,,,277%,20.8%,79.2%,135.0,2010's,78.0,296.0,"373,993,951",374.0,2.8,2011.0
101234,,The Amazing Spider-Man,,,,330%,34.6%,65.4%,230.0,2010's,262.0,496.0,"757,930,663",758.0,3.3,2012.0
101235,,The Amazing Spider-Man 2,,,,242%,28.6%,71.4%,293.0,2010's,203.0,506.0,"708,982,323",709.0,2.4,2014.0
101236,,The Angry Birds Movie,,,,483%,30.5%,69.5%,73.0,2010's,108.0,245.0,"352,333,929",352.0,4.8,2016.0
101237,,The Avengers,,,,690%,41.0%,59.0%,220.0,2010's,623.0,895.0,"1,518,815,515",1519.0,6.9,2012.0
101238,,The Batman,,,,385%,47.9%,52.1%,200.0,2020's,369.0,401.0,"770,836,163",771.0,3.9,2022.0
101239,,The Best Exotic Marigold Hotel,,,,1368%,33.9%,66.1%,10.0,2010's,46.0,904.0,"136,836,156",137.0,13.7,2012.0
101240,,The Big Sick,,,,1105%,77.6%,22.4%,5.0,2010's,42.0,124.0,"55,263,649",55.0,11.1,2017.0
101241,,The Blind Side ,,,,1066%,82.8%,17.2%,29.0,2000's,256.0,532.0,"309,200,000",309.0,10.7,2009.0
101242,,The Bodyguard,,,,1644%,29.7%,70.3%,25.0,1990's,122.0,289.0,"411,046,449",411.0,16.4,1992.0
101243,,The Boss Baby,,,,422%,33.2%,66.8%,125.0,2010's,175.0,353.0,"527,965,936",528.0,4.2,2017.0
101244,,The Bourne Ultimatum,,,,404%,51.2%,48.8%,110.0,2000's,227.0,217.0,"444,100,035",444.0,4.0,2007.0
101245,,The Boy Next Door,,,,1254%,70.6%,29.4%,4.0,2010's,35.0,147.0,"50,163,103",50.0,12.5,2015.0
101246,,The Campaign,,,,1049%,82.8%,17.2%,10.0,2010's,86.0,180.0,"104,907,746",105.0,10.5,2012.0
101247,,The Conjuring,,,,1602%,42.9%,57.1%,20.0,2010's,137.0,183.0,"320,406,242",320.0,16.0,2013.0
101248,,The Conjuring 2,,,,805%,31.8%,68.2%,40.0,2010's,103.0,219.0,"321,834,351",322.0,8.0,2016.0
101249,,The Croods,,,,336%,31.9%,68.1%,175.0,2010's,187.0,400.0,"587,235,983",587.0,3.4,2013.0
101250,,The Curious Case of Benjamin Button,,,,224%,38.0%,62.0%,150.0,2000's,128.0,208.0,"335,802,786",336.0,2.2,2008.0
101251,,The Curse of La Llorona,,,,1357%,44.8%,55.2%,9.0,2010's,54.0,674.0,"122,133,739",122.1,13.6,2019.0
101252,,The Da Vinci Code,,,,608%,28.6%,71.4%,125.0,2000's,218.0,542.0,"760,006,945",760.0,6.1,2006.0
101253,,The Dark Knight,,,,544%,53.2%,46.8%,185.0,2000's,535.0,471.0,"1,006,234,167",1006.0,5.4,2008.0
101254,,The Dark Knight Rises,,,,360%,41.4%,58.6%,300.0,2010's,448.0,633.0,"1,081,169,825",1081.0,3.6,2012.0
101255,,The Day After Tomorrow,,,,442%,33.8%,66.2%,125.0,2000's,187.0,366.0,"552,639,571",553.0,4.4,2004.0
101256,,The Death of Stalin,,,,1895%,3.3%,6.7%,13.0,2010's,8.0,166.0,"24,640,027",246.0,19.0,2017.0
101257,,The Devil Inside,,,,10176%,52.3%,47.7%,1.0,2010's,53.0,485.0,"101,758,490",102.0,101.8,2012.0
101258,,The Devil Wears Prada,,,,933%,38.2%,61.8%,35.0,2000's,125.0,202.0,"326,706,115",327.0,9.3,2006.0
101259,,The Exorcist,,,,3678%,52.8%,47.2%,12.0,1970's,233.0,208.0,"441,306,145",441.0,36.8,1973.0
101260,,The Expendables 2,,,,315%,27.0%,73.0%,100.0,2010's,85.0,230.0,"314,975,955",315.0,3.1,2012.0
101261,,The Fate of the Furious,,,,458%,18.3%,81.7%,270.0,2010's,226.0,1010.0,"1,236,005,118",1236.0,4.6,2017.0
101262,,The Fault in our Stars,,,,2560%,40.6%,59.4%,12.0,2010's,124.0,1824.0,"307,239,013",307.0,25.6,2014.0
101263,,The First Purge,,,,1023%,51.8%,48.2%,13.0,2010's,68.0,641.0,"133,015,065",133.0,10.2,2018.0
101264,,The Flintstones,,,,743%,38.2%,61.8%,46.0,1990's,131.0,211.0,"341,631,208",342.0,7.4,1994.0
101265,,The Force Awakens,,,,676%,45.3%,54.7%,306.0,2010's,937.0,1133.0,"2,069,521,700",2070.0,6.8,2015.0
101266,,The Fugitive,,,,838%,49.8%,50.2%,44.0,1990's,184.0,185.0,"368,875,760",369.0,8.4,1993.0
101267,,The Gallows,,,,38164%,59.6%,40.4%,0.1,2010's,22.0,154.0,"38,164,410",38.0,381.6,2015.0
101268,,The Gift,,,,1180%,74.2%,25.8%,5.0,2010's,43.0,152.0,"58,978,653",59.0,11.8,2015.0
101269,,The Golden Compass,,,,207%,18.8%,81.2%,180.0,2000's,70.0,302.0,"372,234,864",372.0,2.1,2007.0
101270,,The Good Dinosaur,,,,166%,37.0%,63.0%,200.0,2010's,123.0,209.0,"332,207,671",332.0,1.7,2015.0
101271,,The Great Gatsby,,,,186%,41.0%,59.0%,190.0,2010's,145.0,209.0,"353,659,851",354.0,1.9,2013.0
101272,,The Greatest Showman,,,,519%,40.0%,60.0%,84.0,2010's,174.0,261.0,"435,732,529",436.0,5.2,2017.0
101273,,The Grinch,,,,684%,52.9%,47.1%,75.0,2010's,271.0,241.0,"512,858,819",513.0,6.8,2018.0
101274,,The Hangover,,,,1341%,59.1%,40.9%,35.0,2000's,277.0,192.0,"469,328,079",469.0,13.4,2009.0
101275,,The Hangover Part II,,,,733%,43.4%,56.6%,80.0,2010's,254.0,332.0,"586,764,305",587.0,7.3,2011.0
101276,,The Hangover Part III,,,,351%,31.0%,69.0%,103.0,2010's,112.0,250.0,"362,000,072",362.0,3.5,2013.0
101277,,The Hobbit: An Unexpected Journey,,,,565%,29.8%,70.2%,180.0,2010's,303.0,714.0,"1,017,030,651",1017.0,5.7,2012.0
101278,,The Hobbit: The Battle of the Five Armies,,,,321%,26.5%,73.5%,300.0,2010's,255.0,707.0,"962,201,338",962.0,3.2,2014.0
101279,,The Hobbit: The Desolation of Smaug,,,,384%,26.9%,73.1%,250.0,2010's,258.0,701.0,"959,027,992",959.0,3.8,2013.0
101280,,The Hunchback of Notre Dame,,,,465%,30.8%,69.2%,70.0,1990's,100.0,225.0,"325,338,851",325.0,4.6,1996.0
101281,,The Hunger Games,,,,890%,58.8%,41.2%,78.0,2010's,408.0,286.0,"694,394,724",694.0,8.9,2012.0
101282,,The Hunger Games: Catching Fire,,,,1109%,49.1%,50.9%,78.0,2010's,425.0,440.0,"865,011,746",865.0,11.1,2013.0
101283,,The Imitation Game,,,,1571%,41.4%,58.6%,14.0,2010's,91.0,1289.0,"219,979,959",220.0,15.7,2014.0
101284,,The Incredibles,,,,436%,41.4%,58.6%,145.0,2000's,261.0,370.0,"631,607,053",632.0,4.4,2004.0
101285,,The Karate Kid,,,,898%,49.2%,50.8%,40.0,2010's,177.0,183.0,"359,126,022",359.0,9.0,2010.0
101286,,The King's Speech,,,,2849%,32.5%,67.5%,15.0,2010's,139.0,289.0,"427,374,317",427.0,28.5,2010.0
101287,,The King's Speech,,,,925%,100.0%,198.4%,15.0,2010's,138.0,2754.0,"414,200,000",139.0,9.3,2010.0
101288,,The Last Airbender,,,,213%,41.2%,58.8%,150.0,2010's,132.0,188.0,"319,713,881",320.0,2.1,2010.0
101289,,The Last Exorcism,,,,2279%,100.0%,65.1%,1.8,2010's,41.0,267.0,"67,730,000",41.0,22.8,2010.0
101290,,The Last Jedi,,,,420%,46.5%,53.5%,317.0,2010's,620.0,713.0,"1,332,698,830",1333.0,4.2,2017.0
101291,,The Last Samurai,,,,325%,24.4%,75.6%,140.0,2000's,111.0,344.0,"454,627,263",455.0,3.2,2003.0
101292,,The Lazarus Effect,,,,1943%,40.2%,59.8%,3.3,2010's,25.0,383.0,"64,110,728",64.0,19.4,2015.0
101293,,The Legend of Tarzan,,,,198%,35.5%,64.5%,180.0,2010's,127.0,230.0,"356,700,357",357.0,2.0,2016.0
101294,,The Lego Batman Movie,,,,390%,56.4%,43.6%,80.0,2010's,176.0,136.0,"312,136,671",312.0,3.9,2017.0
101295,,The Lego Movie,,,,720%,55.1%,44.9%,65.0,2010's,258.0,210.0,"468,266,122",468.0,7.2,2014.0
101296,,The Lion King,,,,640%,32.7%,67.3%,260.0,2010's,544.0,1120.0,"1,663,250,487",1663.0,6.4,2019.0
101297,,The Lion King,,,,2364%,39.8%,60.2%,45.0,1990's,423.0,641.0,"1,063,611,805",1064.0,23.6,1994.0
101298,,"The Lion, the Witch and the Wardrobe",,,,414%,39.2%,60.8%,180.0,2000's,292.0,453.0,"745,013,115",745.0,4.1,2005.0
101299,,The Lorax,,,,499%,61.4%,38.6%,70.0,2010's,214.0,135.0,"349,183,316",349.0,5.0,2012.0
101300,,The Lost World: Jurassic Park,,,,847%,37.0%,63.0%,73.0,1990's,229.0,390.0,"618,638,999",619.0,8.5,1997.0
101301,,The Martian,,,,584%,36.2%,63.8%,108.0,2010's,228.0,402.0,"630,620,818",631.0,5.8,2015.0
101302,,The Mask,,,,1953%,34.1%,65.9%,18.0,1990's,120.0,232.0,"351,583,407",352.0,19.5,1994.0
101303,,The Matrix,,,,742%,36.8%,63.2%,63.0,1990's,172.0,295.0,"467,222,728",467.0,7.4,1999.0
101304,,The Matrix Reloaded,,,,495%,38.0%,62.0%,150.0,2000's,282.0,460.0,"741,847,937",742.0,4.9,2003.0
101305,,The Matrix Revolutions,,,,285%,32.6%,67.4%,150.0,2000's,139.0,288.0,"427,344,325",427.0,2.8,2003.0
101306,,The Maze Runner,,,,1024%,29.4%,70.6%,34.0,2010's,102.0,246.0,"348,319,861",348.0,10.2,2014.0
101307,,The Meg,,,,298%,27.4%,72.6%,178.0,2010's,146.0,385.0,"530,517,320",531.0,3.0,2018.0
101308,,The Mummy,,,,520%,37.4%,62.6%,80.0,1990's,155.0,261.0,"415,933,406",416.0,5.2,1999.0
101309,,The Mummy,,,,512%,19.6%,80.4%,80.0,2010's,80.0,329.0,"409,231,607",409.0,5.1,2017.0
101310,,The Mummy Returns,,,,452%,45.6%,54.4%,98.0,2000's,202.0,241.0,"443,280,904",443.0,4.5,2001.0
101311,,The Mummy: Tomb of the Dragon Emperor,,,,278%,25.4%,74.6%,145.0,2000's,102.0,301.0,"403,449,830",403.0,2.8,2008.0
101312,,The Nun,,,,1662%,32.1%,67.9%,22.0,2010's,117.0,248.0,"365,582,797",366.0,16.6,2018.0
101313,,The Passion of the Christ,,,,2040%,60.6%,39.4%,30.0,2000's,371.0,241.0,"612,054,506",612.0,20.4,2004.0
101314,,The Perfect Storm,,,,274%,55.6%,44.4%,120.0,2000's,183.0,146.0,"328,718,434",329.0,2.7,2000.0
101315,,The Phantom Menace,,,,893%,46.2%,53.8%,115.0,1990's,475.0,553.0,"1,027,082,707",1027.0,8.9,1999.0
101316,,The Polar Express,,,,185%,59.9%,40.1%,170.0,2000's,189.0,126.0,"315,249,768",315.0,1.9,2004.0
101317,,The Proposal,,,,793%,51.7%,48.3%,40.0,2000's,164.0,153.0,"317,375,031",317.0,7.9,2009.0
101318,,The Purge,,,,2978%,72.2%,27.8%,3.0,2010's,64.0,249.0,"89,328,627",89.0,29.8,2013.0
101319,,The Purge: Anarchy,,,,1229%,65.1%,34.9%,9.0,2010's,72.0,386.0,"110,602,999",111.0,12.3,2014.0
101320,,The Purge: Election Year,,,,1184%,66.7%,33.3%,10.0,2010's,79.0,394.0,"118,416,945",118.0,11.8,2016.0
101321,,The Revenant,,,,395%,34.5%,65.5%,135.0,2010's,184.0,349.0,"532,950,503",533.0,3.9,2015.0
101322,,The Rise of Skywalker,,,,391%,48.0%,52.0%,275.0,2010's,515.0,559.0,"1,074,149,279",1074.0,3.9,2019.0
101323,,The Rock,,,,447%,40.0%,60.0%,75.0,1990's,134.0,201.0,"335,062,621",335.0,4.5,1996.0
101324,,The Secret Life of Pets,,,,1192%,41.2%,58.8%,75.0,2010's,368.0,526.0,"894,328,469",894.0,11.9,2016.0
101325,,The Secret Life of Pets 2,,,,575%,36.9%,63.1%,75.0,2010's,159.0,272.0,"431,058,056",431.0,5.7,2019.0
101326,,The Simpsons Movie,,,,715%,34.1%,65.9%,75.0,2000's,183.0,353.0,"536,414,293",536.0,7.2,2007.0
101327,,The Sixth Sense,,,,1682%,43.6%,56.4%,40.0,1990's,294.0,379.0,"672,806,432",673.0,16.8,1999.0
101328,,The Smurfs,,,,512%,25.3%,74.7%,110.0,2010's,143.0,421.0,"563,749,323",564.0,5.1,2011.0
101329,,The Smurfs 2,,,,331%,20.4%,79.6%,105.0,2010's,71.0,277.0,"347,545,360",348.0,3.3,2013.0
101330,,The SpongeBob Movie: Sponge Out of Water,,,,439%,50.1%,49.9%,74.0,2010's,163.0,162.0,"325,186,032",325.0,4.4,2015.0
101331,,The Twilight Saga: Eclipse,,,,1027%,43.0%,57.0%,68.0,2010's,301.0,398.0,"698,509,825",699.0,10.3,2010.0
101332,,The Visit,,,,1819%,71.2%,28.8%,5.0,2010's,64.0,262.0,"90,937,439",91.0,18.2,2015.0
101333,,The Voyage of the Dawn Treader,,,,268%,25.1%,74.9%,155.0,2010's,104.0,311.0,"415,686,217",416.0,2.7,2010.0
101334,,The Witch,,,,1347%,62.2%,37.8%,3.0,2010's,25.0,153.0,"40,423,945",40.0,13.5,2016.0
101335,,The Wolf of Wall Street,,,,407%,28.7%,71.3%,100.0,2010's,117.0,290.0,"406,878,233",407.0,4.1,2013.0
101336,,The Wolverine,,,,314%,32.0%,68.0%,132.0,2010's,133.0,282.0,"414,828,246",415.0,3.1,2013.0
101337,,The World Is Not Enough,,,,268%,35.1%,64.9%,135.0,1990's,127.0,235.0,"361,832,400",362.0,2.7,1999.0
101338,,There's Something About Mary,,,,1608%,47.7%,52.3%,23.0,1990's,176.0,193.0,"369,884,651",370.0,16.1,1998.0
101339,,Thor,,,,300%,40.3%,59.7%,150.0,2010's,181.0,268.0,"449,326,618",449.0,3.0,2011.0
101340,,Thor: Love and Thunder,,,,304%,45.1%,54.9%,250.0,2020's,343.0,418.0,"760,928,081",761.0,3.0,2022.0
101341,,Thor: Ragnarok,,,,474%,36.9%,63.1%,180.0,2010's,315.0,539.0,"853,983,879",854.0,4.7,2017.0
101342,,Thor: The Dark World,,,,379%,32.0%,68.0%,170.0,2010's,206.0,438.0,"644,783,140",645.0,3.8,2013.0
101343,,Titanic,,,,1101%,30.0%,70.0%,200.0,1990's,659.0,1542.0,"2,201,647,264",2202.0,11.0,1997.0
101344,,Tomorrow Never Dies,,,,303%,37.6%,62.4%,110.0,1990's,125.0,208.0,"333,011,068",333.0,3.0,1997.0
101345,,Top Gun,,,,2382%,50.4%,49.6%,15.0,1980's,180.0,177.0,"357,288,178",357.0,23.8,1986.0
101346,,Top Gun: Maverick,,,,875%,48.2%,51.8%,170.0,2020's,717.0,770.0,"1,486,657,763",1487.0,8.7,2022.0
101347,,Toy Story,,,,1315%,56.6%,43.4%,30.0,1990's,223.0,171.0,"394,436,586",394.0,13.1,1995.0
101348,,Toy Story 2,,,,553%,49.4%,50.6%,90.0,1990's,246.0,252.0,"497,375,381",497.0,5.5,1999.0
101349,,Toy Story 3,,,,533%,38.9%,61.1%,200.0,2010's,415.0,652.0,"1,066,970,811",1067.0,5.3,2010.0
101350,,Toy Story 4,,,,537%,40.4%,59.6%,200.0,2010's,434.0,639.0,"1,073,394,593",1073.0,5.4,2019.0
101351,,Transformers,,,,355%,45.0%,55.0%,200.0,2000's,319.0,390.0,"709,709,780",710.0,3.5,2007.0
101352,,Transformers: Age of Extinction,,,,526%,22.2%,77.8%,210.0,2010's,245.0,859.0,"1,104,054,072",1104.0,5.3,2014.0
101353,,Transformers: Dark of the Moon,,,,642%,31.4%,68.6%,175.0,2010's,352.0,771.0,"1,123,794,079",1124.0,6.4,2011.0
101354,,Transformers: Revenge of the Fallen,,,,418%,48.1%,51.9%,200.0,2000's,402.0,434.0,"836,303,693",836.0,4.2,2009.0
101355,,Transformers: The Last Knight,,,,279%,21.5%,78.5%,217.0,2010's,130.0,475.0,"605,425,157",605.0,2.8,2017.0
101356,,Trolls,,,,278%,44.4%,55.6%,125.0,2010's,154.0,193.0,"347,182,886",347.0,2.8,2016.0
101357,,Tron: Legacy,,,,235%,43.0%,57.0%,170.0,2010's,172.0,228.0,"400,063,852",400.0,2.4,2010.0
101358,,Troy,,,,269%,26.8%,73.2%,185.0,2000's,133.0,364.0,"497,409,852",497.0,2.7,2004.0
101359,,True Lies,,,,316%,38.6%,61.4%,120.0,1990's,146.0,233.0,"378,882,411",379.0,3.2,1994.0
101360,,Truth or Dare,,,,2710%,42.9%,57.1%,3.5,2010's,40.0,541.0,"94,835,301",95.0,27.1,2018.0
101361,,Twilight,,,,1104%,47.5%,52.5%,37.0,2000's,194.0,214.0,"408,430,415",408.0,11.0,2008.0
101362,,Twilight: Eclipse        ,,,,442%,100.0%,132.4%,68.0,2010's,300.0,3980.0,"698,490,000",301.0,4.4,2010.0
101363,,Twilight: New Moon,,,,1422%,41.9%,58.1%,50.0,2000's,298.0,413.0,"711,025,481",711.0,14.2,2009.0
101364,,Twister,,,,538%,48.9%,51.1%,92.0,1990's,242.0,253.0,"494,580,615",495.0,5.4,1996.0
101365,,Uncharted,,,,335%,37.0%,63.0%,120.0,2020's,149.0,253.0,"401,748,820",402.0,3.3,2022.0
101366,,Under the Same Moon,,,,1371%,54.0%,46.0%,1.7,2000's,12.0,107.0,"23,310,000",23.0,13.7,2008.0
101367,,Up,,,,420%,39.9%,60.1%,175.0,2000's,293.0,442.0,"735,099,102",735.0,4.2,2009.0
101368,,Us,,,,1083%,70.4%,29.6%,20.0,2010's,152.0,642.0,"216,581,515",216.6,10.8,2019.0
101369,,Venom,,,,738%,24.9%,75.1%,116.0,2010's,214.0,643.0,"856,085,151",856.0,7.4,2018.0
101370,,Venom: Let There Be Carnage,,,,461%,42.1%,57.9%,110.0,2020's,214.0,293.0,"506,863,592",507.0,4.6,2021.0
101371,,Waitress,,,,1109%,86.0%,14.0%,2.0,2000's,19.0,31.0,"22,179,483",22.0,11.1,2007.0
101372,,WALL·E,,,,290%,42.9%,57.1%,180.0,2000's,224.0,298.0,"521,311,890",521.0,2.9,2008.0
101373,,Wanted,,,,457%,39.3%,60.7%,75.0,2000's,135.0,208.0,"342,463,063",342.0,4.6,2008.0
101374,,War for the Planet of the Apes,,,,323%,29.9%,70.1%,152.0,2010's,147.0,344.0,"490,719,763",491.0,3.2,2017.0
101375,,War of the Worlds,,,,457%,38.8%,61.2%,132.0,2000's,234.0,370.0,"603,873,119",604.0,4.6,2005.0
101376,,War Room,,,,2241%,100.0%,0.0%,3.0,2010's,67.0,0.0,"67,217,187",67.0,22.4,2015.0
101377,,Warcraft,,,,274%,10.8%,89.2%,160.0,2010's,47.0,392.0,"439,048,914",439.0,2.7,2016.0
101378,,What Women Want,,,,534%,48.9%,51.1%,70.0,2000's,183.0,191.0,"374,111,707",374.0,5.3,2000.0
101379,,When in Rome,,,,2514%,100.0%,31.7%,1.3,2010's,32.0,104.0,"43,040,000",33.0,25.1,2010.0
101380,,Who Framed Roger Rabbit,,,,660%,47.4%,52.6%,50.0,1980's,156.0,173.0,"329,803,958",330.0,6.6,1988.0
101381,,Wonder Woman,,,,411%,50.2%,49.8%,200.0,2010's,413.0,410.0,"822,854,286",823.0,4.1,2017.0
101382,,World War Z,,,,284%,37.5%,62.5%,190.0,2010's,203.0,338.0,"540,455,876",540.0,2.8,2013.0
101383,,Wreck-It Ralph,,,,286%,40.2%,59.8%,165.0,2010's,189.0,282.0,"471,222,889",471.0,2.9,2012.0
101384,,X-Men Origins: Wolverine,,,,249%,48.2%,51.8%,150.0,2000's,180.0,193.0,"373,062,864",373.0,2.5,2009.0
101385,,X-Men: Apocalypse,,,,306%,28.6%,71.4%,178.0,2010's,155.0,388.0,"543,934,105",544.0,3.1,2016.0
101386,,X-Men: Days of Future Past,,,,364%,31.4%,68.6%,205.0,2010's,234.0,512.0,"746,045,700",746.0,3.6,2014.0
101387,,X-Men: First Class,,,,220%,41.5%,58.5%,160.0,2010's,146.0,206.0,"352,616,690",353.0,2.2,2011.0
101388,,X-Men: The Last Stand,,,,219%,50.9%,49.1%,210.0,2000's,234.0,226.0,"460,435,291",460.0,2.2,2006.0
101389,,X2: X-Men United,,,,371%,52.7%,47.3%,110.0,2000's,215.0,193.0,"407,711,549",408.0,3.7,2003.0
101390,,xXx: Return of Xander Cage,,,,407%,13.0%,87.0%,85.0,2010's,45.0,301.0,"346,118,277",346.0,4.1,2017.0
101391,,Zootopia,,,,695%,32.7%,67.3%,150.0,2010's,341.0,701.0,"1,042,533,689",1043.0,7.0,2016.0
